name,cafeteria_id,category,portion_volume,portion_weight,calories,protein,total_fat,carbohydrate,fiber,saturated_fat,potassium,sodium,sugar,station,cholesterol,calcium,iron,vitamin_d,vitamin_c,vitamin_a,pk,school
Omelet Bar,128444,protein,-1.0,0.04,0.0,0.0,0.0,0.0,0.0,0.0,0.0,0.0,0.0,FLAME,0.0,0.0,0.0,0.0,0.0,0.0,1000,10
Berry Berry Kale Smoothie,47130.4,vegetable,354.882,445.73,170.0,3.0,1.5,41.0,6.0,0.0,660.0,25.0,27.0,FYUL,0.0,110.0,1.1,0.0,104.0,45.0,1001,10
Carrot and Apple Smoothie,47130.6,vegetable,236.588,228.31,100.0,1.0,0.0,24.0,3.0,0.0,380.0,45.0,17.0,FYUL,0.0,30.0,0.4,0.0,39.0,0.0,1002,10
Pineapple Ginger Turmeric Smoothie,129895,vegetable,325.3085,283.5,180.0,2.0,0.5,46.0,4.0,0.0,660.0,5.0,30.0,FYUL,0.0,30.0,0.8,0.0,85.0,45.0,1003,10
Watermelon Chia Smoothie,139032,vegetable,236.588,205.69,110.0,2.0,2.0,24.0,3.0,0.0,240.0,0.0,19.0,FYUL,0.0,50.0,1.0,0.0,16.0,0.0,1004,10
Balsamic Roasted Tomatoes,78123.3,vegetable,118.294,56.7,60.0,1.0,4.5,5.0,1.0,0.5,200.0,140.0,3.0,HOMESTYLE,0.0,10.0,0.3,0.0,11.0,0.0,1005,10
Banana Pancakes,4820.7,grain,-2.0,107.13,180.0,5.0,1.5,36.0,2.0,0.0,130.0,490.0,9.0,HOMESTYLE,0.0,160.0,1.7,0.0,1.0,0.0,1006,10
Beyond Breakfast Taco,128116,protein,-1.0,73.02,130.0,5.0,5.0,16.0,2.0,1.5,100.0,260.0,1.0,HOMESTYLE,40.0,60.0,1.6,10.0,7.0,0.0,1007,10
Breakfast Enchiladas,106402,protein,-1.0,28.46,50.0,3.0,3.0,3.0,1.0,1.0,40.0,60.0,0.0,HOMESTYLE,50.0,30.0,0.3,10.0,5.0,15.0,1008,10
Breakfast Potatoes,108189,grain,236.588,119.19,130.0,2.0,4.0,23.0,3.0,0.0,390.0,190.0,0.0,HOMESTYLE,0.0,10.0,0.7,0.0,1.0,0.0,1009,10
Broken Farro Porridge with Coconut,92347,grain,591.47,113.4,140.0,3.0,4.5,23.0,3.0,2.5,70.0,105.0,10.0,HOMESTYLE,0.0,30.0,0.6,0.0,1.0,0.0,1010,10
Brussels Sprout Sweet Potato Hash,17194.4,grain,118.294,119.85,100.0,2.0,3.0,17.0,3.0,0.0,300.0,95.0,5.0,HOMESTYLE,0.0,40.0,1.0,0.0,31.0,0.0,1011,10
Canadian Bacon,57569,protein,-2.0,34.88,50.0,10.0,1.0,1.0,0.0,0.0,350.0,350.0,0.0,HOMESTYLE,25.0,0.0,0.2,5.0,0.0,0.0,1012,10
Cheese Grits,29729.9,grain,118.294,116.46,90.0,3.0,2.5,12.0,1.0,1.5,30.0,220.0,0.0,HOMESTYLE,5.0,50.0,0.5,0.0,0.0,0.0,1013,10
Chocolate Chip Pancakes,616.22,grain,-2.0,125.85,300.0,6.0,10.0,52.0,3.0,5.0,190.0,500.0,23.0,HOMESTYLE,0.0,170.0,2.5,0.0,0.0,0.0,1014,10
Cinnamon French Toast,615.28,grain,-2.0,123.34,210.0,12.0,7.0,24.0,1.0,2.0,170.0,310.0,4.0,HOMESTYLE,210.0,130.0,2.7,60.0,0.0,60.0,1015,10
Cinnamon French Toast,101631,grain,-2.0,123.34,210.0,12.0,7.0,24.0,1.0,2.0,170.0,310.0,4.0,HOMESTYLE,210.0,130.0,2.7,60.0,0.0,60.0,1016,10
Cinnamon Toast Crunch Pancakes,134651,grain,-2.0,161.63,420.0,6.0,14.0,69.0,2.0,8.0,120.0,640.0,38.0,HOMESTYLE,35.0,210.0,2.8,20.0,2.0,0.0,1017,10
Corn. Carrot & Parsnip Hash,18994.9,grain,118.294,64.07,60.0,1.0,2.0,10.0,2.0,0.0,180.0,70.0,3.0,HOMESTYLE,0.0,10.0,0.3,0.0,20.0,0.0,1018,10
Corned Beef Hash,12372,protein,118.294,123.5,250.0,8.0,17.0,16.0,1.0,7.0,260.0,730.0,1.0,HOMESTYLE,35.0,10.0,1.0,0.0,4.0,0.0,1019,10
Curried Vegetable Chickpea Hash,105616,grain,118.294,96.02,100.0,4.0,4.0,15.0,4.0,0.5,270.0,135.0,2.0,HOMESTYLE,0.0,50.0,1.6,0.0,20.0,0.0,1020,10
"Egg White, Potato, Spinach, & Tomato",18451.22,protein,118.294,126.78,60.0,7.0,1.5,5.0,1.0,0.0,310.0,520.0,2.0,HOMESTYLE,0.0,20.0,0.6,0.0,20.0,0.0,1021,10
French Toast Casserole,128369,grain,236.588,153.09,300.0,9.0,10.0,44.0,1.0,4.5,200.0,260.0,29.0,HOMESTYLE,120.0,160.0,1.9,50.0,0.0,30.0,1022,10
French Toast Sticks,3619,grain,-3.0,78.75,230.0,4.0,11.0,29.0,1.0,2.0,70.0,290.0,6.0,HOMESTYLE,0.0,60.0,1.8,0.0,0.0,0.0,1023,10
Fried Hash Brown Patty,39880,grain,-1.0,67.9,150.0,1.0,11.0,12.0,1.0,1.5,180.0,280.0,0.0,HOMESTYLE,0.0,0.0,0.0,0.0,0.0,0.0,1024,10
Garlic Roasted Broccoli and Cauliflower,103422,vegetable,118.294,50.82,45.0,1.0,4.0,3.0,1.0,0.0,140.0,390.0,1.0,HOMESTYLE,0.0,20.0,0.3,0.0,31.0,0.0,1025,10
Greek Egg Scramble,31163.28,protein,118.294,113.4,100.0,9.0,6.0,2.0,1.0,1.5,230.0,260.0,1.0,HOMESTYLE,65.0,50.0,0.8,15.0,9.0,0.0,1026,10
Grits,611.3,grain,118.294,137.82,70.0,1.0,0.0,15.0,1.0,0.0,30.0,170.0,0.0,HOMESTYLE,0.0,0.0,0.6,0.0,0.0,0.0,1027,10
"Grits, Jalapeno Cheese",3308.1,grain,118.294,161.05,100.0,2.0,1.5,18.0,1.0,0.5,40.0,330.0,1.0,HOMESTYLE,5.0,30.0,0.7,0.0,0.0,0.0,1028,10
Herb Roasted Mushrooms,48619.1,vegetable,59.147,60.0,35.0,2.0,2.5,2.0,1.0,0.0,180.0,35.0,1.0,HOMESTYLE,0.0,0.0,0.3,5.0,2.0,0.0,1029,10
Lyonnaise Potatoes,568.7,grain,118.294,107.01,120.0,2.0,4.5,19.0,2.0,0.0,510.0,125.0,2.0,HOMESTYLE,0.0,10.0,0.7,0.0,12.0,0.0,1030,10
Mushroom Scramble Breakfast Taco,129218,grain,-1.0,102.21,190.0,10.0,10.0,15.0,1.0,3.0,130.0,490.0,1.0,HOMESTYLE,225.0,70.0,2.1,50.0,0.0,70.0,1031,10
Onions and Peppers,5480.6,vegetable,118.294,117.45,150.0,1.0,13.0,7.0,2.0,1.0,170.0,0.0,3.0,HOMESTYLE,0.0,20.0,0.3,0.0,47.0,0.0,1032,10
Pancakes,616,grain,-2.0,97.68,170.0,4.0,1.5,33.0,1.0,0.0,90.0,490.0,7.0,HOMESTYLE,0.0,160.0,1.6,0.0,0.0,0.0,1033,10
Parmesan Potato Wedges,5496.3,grain,157.7253333333333,113.4,170.0,4.0,8.0,23.0,2.0,1.5,420.0,105.0,2.0,HOMESTYLE,5.0,50.0,0.5,0.0,13.0,0.0,1034,10
Pork Bacon,608,protein,-3.0,27.9,130.0,9.0,10.0,0.0,0.0,3.5,140.0,470.0,0.0,HOMESTYLE,30.0,0.0,0.3,5.0,0.0,0.0,1035,10
Pork Sausage Patty,1125.10,protein,-2.0,85.05,360.0,10.0,34.0,2.0,0.0,12.0,0.0,630.0,0.0,HOMESTYLE,50.0,0.0,0.0,0.0,0.0,0.0,1036,10
Potatoes O'Brien,106415,grain,118.294,106.91,100.0,2.0,2.5,19.0,2.0,0.0,320.0,150.0,1.0,HOMESTYLE,0.0,10.0,0.3,0.0,12.0,0.0,1037,10
Quinoa and Potato Breakfast Hash,112291,grain,118.294,142.06,170.0,6.0,6.0,24.0,2.0,2.0,400.0,350.0,0.0,HOMESTYLE,10.0,100.0,1.7,0.0,11.0,0.0,1038,10
Roasted Carrots,103955,vegetable,118.294,128.04,80.0,1.0,3.5,12.0,3.0,0.0,400.0,180.0,6.0,HOMESTYLE,0.0,40.0,0.4,0.0,7.0,0.0,1039,10
Roasted Cauliflower Florets,68467.1,vegetable,118.294,110.72,30.0,2.0,0.0,6.0,2.0,0.0,330.0,1050.0,2.0,HOMESTYLE,0.0,30.0,0.5,0.0,52.0,0.0,1040,10
Roasted Mushroom Mix,74516,vegetable,118.294,113.4,100.0,2.0,7.0,8.0,1.0,1.0,320.0,10.0,3.0,HOMESTYLE,0.0,20.0,0.7,10.0,4.0,0.0,1041,10
Roasted Potatoes,106424,grain,118.294,113.4,120.0,3.0,3.0,22.0,2.0,0.0,620.0,150.0,2.0,HOMESTYLE,0.0,10.0,0.8,0.0,14.0,0.0,1042,10
Roasted Tomatoes,31169.3,vegetable,118.294,115.34,35.0,1.0,1.5,5.0,1.0,0.0,270.0,190.0,3.0,HOMESTYLE,0.0,10.0,0.4,0.0,16.0,0.0,1043,10
Sausage Link,122864,protein,-2.0,45.36,190.0,6.0,18.0,0.0,0.0,6.0,0.0,180.0,0.0,HOMESTYLE,30.0,20.0,0.4,0.0,0.0,0.0,1044,10
Sausage Patty,2060,protein,-1.0,56.7,180.0,11.0,15.0,1.0,0.0,5.0,190.0,460.0,1.0,HOMESTYLE,50.0,10.0,0.7,35.0,0.0,0.0,1045,10
Sauteed Spinach,8621,vegetable,118.294,97.33,50.0,3.0,3.5,4.0,2.0,0.0,500.0,230.0,1.0,HOMESTYLE,0.0,90.0,2.4,0.0,25.0,0.0,1046,10
Scrambled Eggs,2032.23,protein,118.294,117.94,200.0,14.0,15.0,1.0,0.0,4.0,160.0,160.0,0.0,HOMESTYLE,420.0,60.0,2.0,90.0,0.0,120.0,1047,10
Spinach and Cheese Quiche,5595,vegetable,177.441,155.25,290.0,12.0,21.0,14.0,1.0,10.0,220.0,390.0,4.0,HOMESTYLE,115.0,300.0,1.4,35.0,1.0,50.0,1048,10
Steamed Broccoli,103333,vegetable,118.294,68.45,25.0,2.0,0.0,5.0,2.0,0.0,220.0,140.0,1.0,HOMESTYLE,0.0,30.0,0.5,0.0,61.0,0.0,1049,10
Sweet & Spicy Chicken Biscuit,116941,protein,-1.0,191.36,550.0,22.0,28.0,50.0,1.0,9.0,400.0,1340.0,6.0,HOMESTYLE,50.0,130.0,2.4,5.0,0.0,0.0,1050,10
Sweet Potato Pancake,142236,grain,-2.0,124.82,240.0,4.0,1.5,54.0,1.0,0.0,160.0,510.0,19.0,HOMESTYLE,0.0,140.0,1.2,0.0,3.0,5.0,1051,10
Sweet Potato Tots,114599,grain,295.735,85.05,130.0,1.0,3.5,24.0,2.0,0.0,180.0,430.0,9.0,HOMESTYLE,0.0,10.0,0.5,0.0,4.0,680.0,1052,10
Tater Tots,1178.9,grain,118.294,90.72,140.0,1.0,8.0,18.0,1.0,1.0,270.0,400.0,0.0,HOMESTYLE,0.0,0.0,0.0,0.0,0.0,0.0,1053,10
Thyme Roasted Potatoes,5786.6,grain,118.294,90.63,110.0,2.0,3.5,17.0,2.0,0.0,470.0,230.0,1.0,HOMESTYLE,0.0,20.0,1.1,0.0,11.0,0.0,1054,10
Tofu Mushroom Scramble,129558,protein,118.294,118.21,170.0,17.0,11.0,5.0,3.0,1.5,280.0,220.0,1.0,HOMESTYLE,0.0,620.0,2.8,0.0,4.0,0.0,1055,10
Tofu Scramble,105032,protein,236.588,130.18,140.0,14.0,9.0,5.0,3.0,1.0,300.0,25.0,1.0,HOMESTYLE,0.0,560.0,3.1,0.0,7.0,0.0,1056,10
Turkey Bacon,8735,protein,-3.0,21.26,50.0,3.0,4.5,1.0,0.0,1.5,30.0,190.0,0.0,HOMESTYLE,20.0,0.0,0.2,0.0,5.0,0.0,1057,10
Turkey Sausage Links,5828,protein,-2.0,57.06,100.0,9.0,7.0,0.0,0.0,2.0,0.0,360.0,0.0,HOMESTYLE,40.0,0.0,1.1,0.0,0.0,0.0,1058,10
Turkey Sausage Patty,5828.2,protein,-1.0,26.58,50.0,6.0,3.0,0.0,0.0,0.5,80.0,180.0,0.0,HOMESTYLE,25.0,10.0,0.4,0.0,0.0,0.0,1059,10
Vegan Tofu Breakfast Burrito,105904.3,protein,-0.5,169.99,260.0,7.0,10.0,39.0,3.0,2.5,370.0,670.0,2.0,HOMESTYLE,0.0,130.0,1.4,0.0,18.0,0.0,1060,10
Vegan Tofu Breakfast Skillet,105904,protein,118.294,121.49,120.0,3.0,6.0,15.0,2.0,0.5,330.0,380.0,2.0,HOMESTYLE,0.0,70.0,1.4,0.0,18.0,0.0,1061,10
Vegetable Frittata,102750,protein,177.441,113.4,110.0,7.0,7.0,3.0,1.0,3.0,220.0,180.0,2.0,HOMESTYLE,130.0,100.0,1.0,30.0,28.0,45.0,1062,10
Whole Grain Pancakes,23375.1,grain,-2.0,116.07,200.0,6.0,3.5,37.0,5.0,0.0,0.0,360.0,7.0,HOMESTYLE,0.0,190.0,1.7,0.0,0.0,0.0,1063,10
Broccoli Spinach Calzone,7857.2,vegetable,-1.0,150.52,330.0,15.0,10.0,50.0,2.0,3.0,150.0,820.0,3.0,500 DEGREES,20.0,180.0,14.4,5.0,10.0,5.0,1064,10
Buffalo Chicken Pizza,103329,grain,-1.0,94.08,210.0,13.0,8.0,24.0,1.0,3.5,30.0,560.0,1.0,500 DEGREES,30.0,130.0,7.2,5.0,1.0,5.0,1065,10
Buffalo Flatbread,102802,grain,-1.0,103.41,340.0,12.0,22.0,23.0,1.0,4.5,40.0,810.0,2.0,500 DEGREES,25.0,110.0,1.3,5.0,1.0,0.0,1066,10
"Calzone, Meatball",102810,protein,-1.0,198.45,440.0,21.0,22.0,38.0,3.0,9.0,200.0,920.0,3.0,500 DEGREES,115.0,330.0,2.9,10.0,4.0,15.0,1067,10
Carmelized Onion Zucchini Pizza,103616.1,grain,-1.0,118.74,250.0,10.0,10.0,34.0,2.0,2.5,100.0,410.0,2.0,500 DEGREES,10.0,80.0,9.5,0.0,5.0,5.0,1068,10
Cheese Pizza,103574.1,grain,-1.0,95.02,210.0,9.0,6.0,33.0,1.0,2.0,50.0,470.0,2.0,500 DEGREES,10.0,80.0,9.5,0.0,2.0,10.0,1069,10
Cheeseburger Stromboli,106089.44,protein,-0.5,222.64,440.0,23.0,22.0,38.0,3.0,9.0,370.0,920.0,5.0,500 DEGREES,85.0,260.0,3.4,15.0,11.0,25.0,1070,10
Chicken Broccoli Alfredo Pizza,67991.2,grain,-1.0,272.99,590.0,35.0,19.0,73.0,4.0,7.0,370.0,1080.0,4.0,500 DEGREES,65.0,440.0,19.4,15.0,37.0,5.0,1071,10
Chicken Pesto Flatbread,102800,grain,-1.0,101.51,220.0,13.0,10.0,20.0,1.0,3.5,60.0,370.0,2.0,500 DEGREES,35.0,90.0,1.3,5.0,0.0,10.0,1072,10
Garden Grilled Chicken Pizza,103619.1,grain,-1.0,93.42,200.0,8.0,5.0,32.0,1.0,0.0,40.0,390.0,2.0,500 DEGREES,5.0,10.0,9.4,0.0,2.0,10.0,1073,10
Grandma Pizza,103643.1,grain,-1.0,62.25,130.0,5.0,3.5,20.0,1.0,1.0,40.0,310.0,1.0,500 DEGREES,5.0,40.0,5.7,0.0,2.0,10.0,1074,10
Grilled Veggie Pizza,103581.1,grain,-1.0,109.24,220.0,9.0,6.0,33.0,2.0,2.0,80.0,480.0,2.0,500 DEGREES,10.0,80.0,9.5,0.0,6.0,10.0,1075,10
Ham and Ricotta Cheese Calzone,102811,protein,-1.0,170.1,330.0,18.0,12.0,37.0,2.0,7.0,400.0,880.0,3.0,500 DEGREES,60.0,230.0,2.4,15.0,3.0,0.0,1076,10
Ham Pizza,103411,grain,-1.0,103.95,240.0,12.0,8.0,32.0,1.0,3.0,80.0,640.0,2.0,500 DEGREES,25.0,110.0,9.5,10.0,1.0,5.0,1077,10
Italian Meatball Flatbread,103412,protein,-1.0,187.79,440.0,25.0,23.0,35.0,3.0,10.0,470.0,1060.0,6.0,500 DEGREES,55.0,400.0,3.0,5.0,4.0,35.0,1078,10
Italian Sausage Flatbread,102671,protein,-1.0,81.64,210.0,12.0,13.0,10.0,1.0,6.0,140.0,610.0,1.0,500 DEGREES,35.0,160.0,1.0,15.0,2.0,5.0,1079,10
Mushroom Pizza,103644.1,grain,-1.0,106.83,220.0,10.0,6.0,33.0,2.0,2.0,90.0,530.0,2.0,500 DEGREES,10.0,80.0,9.5,5.0,2.0,10.0,1080,10
Pepperoni Calzone,102815,grain,-1.0,155.92,340.0,16.0,14.0,36.0,2.0,8.0,200.0,730.0,2.0,500 DEGREES,60.0,230.0,2.3,10.0,4.0,40.0,1081,10
Pepperoni Pizza,103896,grain,-1.0,102.56,250.0,11.0,9.0,33.0,1.0,3.5,60.0,580.0,2.0,500 DEGREES,20.0,120.0,9.5,5.0,2.0,10.0,1082,10
Philly Steak and Cheese Pizza,32830.2,protein,-1.0,135.03,330.0,18.0,13.0,36.0,2.0,5.0,150.0,640.0,3.0,500 DEGREES,35.0,260.0,9.8,5.0,11.0,10.0,1083,10
Tomato & Spinach Pizza,103897,grain,-1.0,182.56,340.0,16.0,10.0,51.0,3.0,3.0,200.0,780.0,4.0,500 DEGREES,20.0,210.0,14.4,5.0,8.0,15.0,1084,10
White Pesto Pizza,103630.1,grain,-1.0,100.33,270.0,11.0,11.0,33.0,1.0,3.5,40.0,480.0,1.0,500 DEGREES,20.0,130.0,9.5,5.0,1.0,30.0,1085,10
White Pizza,103580.1,grain,-1.0,91.3,250.0,11.0,10.0,33.0,1.0,3.5,30.0,510.0,1.0,500 DEGREES,20.0,100.0,9.4,5.0,0.0,15.0,1086,10
White Tomato Garlic & Oil Pizza,103586.1,grain,-1.0,105.57,240.0,10.0,8.0,33.0,1.0,2.5,80.0,420.0,2.0,500 DEGREES,15.0,100.0,9.4,5.0,3.0,0.0,1087,10
Cheese Quesadillas,103486.1,protein,-1.0,154.6,500.0,21.0,26.0,47.0,5.0,15.0,140.0,780.0,4.0,CARVED AND CRAFTED,50.0,540.0,2.3,10.0,0.0,0.0,1088,10
Chicken Bacon Ranch Wrap,121472,protein,-1.0,335.06,670.0,42.0,30.0,60.0,4.0,12.0,610.0,1390.0,4.0,CARVED AND CRAFTED,125.0,360.0,1.5,10.0,6.0,10.0,1089,10
Chicken Caesar Wrap,4515.3,protein,-1.0,224.31,520.0,34.0,28.0,37.0,2.0,7.0,420.0,900.0,3.0,CARVED AND CRAFTED,100.0,150.0,2.9,0.0,1.0,10.0,1090,10
Grilled Tomato and Cheese Sandwich,113581.1,protein,-1.0,198.63,670.0,19.0,44.0,48.0,3.0,26.0,250.0,1620.0,7.0,CARVED AND CRAFTED,120.0,760.0,3.7,180.0,3.0,0.0,1091,10
Pastrami on Rye,24779,protein,-1.0,226.36,400.0,34.0,13.0,34.0,4.0,6.0,400.0,1760.0,4.0,CARVED AND CRAFTED,90.0,190.0,4.4,5.0,8.0,0.0,1092,10
Barbecue Mushroom Slider,100715.3,protein,-1.0,28.35,210.0,5.0,4.5,38.0,2.0,0.5,320.0,750.0,17.0,FLAME,0.0,70.0,1.7,10.0,1.0,0.0,1093,10
Breaded Mozzarella Cheese Sticks,14697,protein,-4.0,115.47,340.0,16.0,18.0,28.0,2.0,7.0,0.0,870.0,9.0,FLAME,25.0,300.0,0.0,0.0,0.0,70.0,1094,10
Brown Sugar Baked Beans,32811,protein,157.7253333333333,113.4,140.0,5.0,2.5,26.0,5.0,1.0,300.0,470.0,8.0,FLAME,10.0,60.0,1.6,0.0,2.0,0.0,1095,10
Buffalo Chicken Wrap,10424.1,protein,-1.0,224.42,470.0,24.0,29.0,31.0,2.0,7.0,350.0,1230.0,4.0,FLAME,65.0,110.0,2.0,0.0,21.0,15.0,1096,10
Buffalo Macaroni & Cheese,103771.4,grain,236.588,168.02,280.0,11.0,16.0,23.0,1.0,9.0,180.0,570.0,5.0,FLAME,45.0,330.0,1.1,80.0,0.0,0.0,1097,10
Chicken Fajitas,785.1,protein,-1.0,368.3,400.0,32.0,14.0,38.0,4.0,3.5,760.0,460.0,11.0,FLAME,85.0,210.0,2.4,0.0,58.0,5.0,1098,10
Chicken Philly Cheese Steak Sandwich,5541.16,protein,-1.0,266.77,470.0,31.0,18.0,43.0,3.0,6.0,700.0,820.0,4.0,FLAME,85.0,250.0,3.0,5.0,27.0,10.0,1099,10
Churro with Chipotle Chocolate,28961.1,grain,-1.0,132.95,390.0,2.0,11.0,70.0,2.0,2.0,140.0,170.0,47.0,FLAME,10.0,30.0,1.7,0.0,0.0,0.0,1100,10
Cilantro Lime Brown Rice,102526,grain,236.588,177.91,220.0,5.0,1.5,45.0,3.0,0.0,160.0,10.0,0.0,FLAME,0.0,10.0,1.0,0.0,1.0,0.0,1101,10
Classic Cheese Pizza,67966,grain,-1.0,215.93,490.0,24.0,14.0,67.0,4.0,8.0,330.0,960.0,5.0,FLAME,30.0,380.0,4.4,5.0,9.0,15.0,1102,10
Corn Dog,10958,protein,-1.0,113.4,280.0,10.0,14.0,31.0,1.0,4.0,140.0,760.0,9.0,FLAME,50.0,80.0,2.2,15.0,1.0,0.0,1103,10
Country Corn Muffin,74678.5,grain,-1.0,158.76,570.0,8.0,31.0,69.0,1.0,3.5,0.0,460.0,3.0,FLAME,85.0,150.0,2.7,0.0,1.0,100.0,1104,10
Crispy Parmesan French Fries,138956,grain,177.441,85.05,220.0,5.0,14.0,20.0,1.0,2.5,320.0,1590.0,0.0,FLAME,10.0,130.0,0.3,5.0,5.0,0.0,1105,10
Curry Fries,42392.8,grain,118.294,245.26,420.0,5.0,33.0,31.0,2.0,22.0,690.0,970.0,3.0,FLAME,0.0,30.0,4.1,0.0,16.0,0.0,1106,10
Dumpling,34113,grain,-2.0,63.56,120.0,8.0,5.0,11.0,1.0,1.5,130.0,190.0,0.0,FLAME,20.0,80.0,2.0,0.0,1.0,5.0,1107,10
French Fries,100472,grain,473.176,113.4,210.0,1.0,13.0,24.0,1.0,0.5,360.0,260.0,0.0,FLAME,0.0,0.0,0.0,0.0,0.0,0.0,1108,10
French Fries,765,grain,118.294,98.36,170.0,1.0,10.0,19.0,1.0,0.5,290.0,300.0,0.0,FLAME,0.0,0.0,0.0,0.0,0.0,0.0,1109,10
Fried Onion Rings,98833,vegetable,88.7205,113.4,380.0,3.0,24.0,37.0,3.0,2.5,0.0,470.0,5.0,FLAME,0.0,30.0,0.8,0.0,4.0,0.0,1110,10
Grilled Peaches,34078,vegetable,-0.5,67.12,35.0,1.0,0.5,7.0,1.0,0.0,120.0,0.0,7.0,FLAME,0.0,0.0,0.2,0.0,4.0,0.0,1111,10
Large Pretzel Salted,141888,grain,-1.0,174.9,350.0,11.0,2.0,75.0,3.0,0.0,110.0,2160.0,2.0,FLAME,0.0,10.0,4.4,0.0,0.0,0.0,1112,10
lorean hot dog,45178,protein,-1.0,201.12,510.0,18.0,37.0,25.0,1.0,14.0,400.0,1260.0,5.0,FLAME,65.0,80.0,2.9,45.0,7.0,0.0,1113,10
Meatball Parmesan Sub,15994,protein,-0.5,154.65,330.0,18.0,16.0,28.0,3.0,7.0,180.0,700.0,3.0,FLAME,40.0,200.0,3.3,5.0,4.0,25.0,1114,10
Mexican Street Corn Tostada,87697,grain,-1.0,105.21,140.0,3.0,8.0,16.0,4.0,0.5,270.0,85.0,2.0,FLAME,0.0,50.0,1.7,0.0,31.0,15.0,1115,10
Nachos Grande,2081,grain,1182.94,368.54,740.0,27.0,44.0,60.0,8.0,22.0,570.0,1390.0,7.0,FLAME,90.0,550.0,3.0,20.0,48.0,110.0,1116,10
Nashville Hot Chicken,133176.1,protein,-1.0,275.03,790.0,30.0,45.0,66.0,5.0,6.0,260.0,1750.0,11.0,FLAME,50.0,170.0,4.7,0.0,10.0,30.0,1117,10
Pepperoni and Salami Pizza Melt,114692.1,grain,-0.5,116.59,370.0,14.0,25.0,22.0,2.0,9.0,180.0,900.0,3.0,FLAME,40.0,210.0,2.2,15.0,2.0,80.0,1118,10
Pepperoni Pizza,67985,grain,-1.0,226.93,550.0,26.0,19.0,67.0,4.0,10.0,360.0,1140.0,5.0,FLAME,40.0,380.0,4.5,15.0,9.0,15.0,1119,10
Portabella Caesar,105268,vegetable,-1.0,344.49,360.0,9.0,29.0,18.0,4.0,5.0,870.0,1020.0,7.0,FLAME,25.0,170.0,1.9,10.0,11.0,20.0,1120,10
Roasted Carrots with Cumin & Mint,22663.6,vegetable,118.294,112.54,70.0,1.0,2.0,12.0,3.0,0.0,350.0,70.0,7.0,FLAME,0.0,40.0,0.7,0.0,8.0,0.0,1121,10
Roasted Corn with Chili Butter,4503,vegetable,-0.5,92.73,100.0,2.0,6.0,12.0,1.0,3.0,120.0,50.0,2.0,FLAME,10.0,10.0,0.6,0.0,3.0,5.0,1122,10
Seasoned French Fries,35685,grain,177.441,85.05,190.0,1.0,12.0,21.0,1.0,1.0,320.0,290.0,0.0,FLAME,0.0,0.0,0.0,0.0,0.0,0.0,1123,10
Sicilian Pizza,103635,grain,-1.0,83.77,190.0,8.0,7.0,23.0,1.0,2.5,80.0,420.0,2.0,FLAME,10.0,80.0,1.6,0.0,2.0,10.0,1124,10
Slice Cheese Sticks,114583,protein,-3.0,227.27,400.0,17.0,14.0,56.0,4.0,4.5,330.0,910.0,7.0,FLAME,25.0,200.0,15.4,5.0,9.0,45.0,1125,10
Sloppy Joe Sandwich,102358,protein,-1.0,180.92,360.0,27.0,13.0,32.0,2.0,4.0,450.0,570.0,8.0,FLAME,70.0,100.0,3.7,5.0,10.0,15.0,1126,10
Steak Cut French Fries,768,grain,118.294,98.36,170.0,1.0,10.0,18.0,1.0,0.5,290.0,660.0,0.0,FLAME,0.0,0.0,0.0,0.0,0.0,0.0,1127,10
Tuna Melt,3994.5,protein,-0.5,86.99,270.0,8.0,19.0,17.0,1.0,10.0,110.0,580.0,2.0,FLAME,50.0,200.0,1.3,50.0,0.0,0.0,1128,10
Vegetable Spring Roll,5864,vegetable,-1.0,49.61,70.0,2.0,0.0,16.0,0.0,0.0,260.0,290.0,5.0,FLAME,0.0,40.0,0.6,0.0,17.0,60.0,1129,10
Waffle Fries,134256,grain,236.588,122.12,250.0,1.0,19.0,25.0,1.0,1.5,320.0,490.0,0.0,FLAME,0.0,0.0,0.0,0.0,0.0,0.0,1130,10
"Arugula, Garbanzo, and Fennel Salad with Parsley Vinaigrette",80565.3,vegetable,118.294,119.99,150.0,3.0,11.0,10.0,3.0,1.0,330.0,160.0,4.0,FYUL,0.0,70.0,1.4,0.0,15.0,0.0,1131,10
Avoiding Gluten Barilla Penne,50923.10,grain,118.294,90.72,140.0,2.0,1.0,31.0,0.0,0.0,0.0,0.0,0.0,FYUL,0.0,0.0,0.1,0.0,0.0,0.0,1132,10
Bacon Baked Beans with Brown Sugar,525.21,protein,236.588,113.4,190.0,9.0,0.5,38.0,6.0,0.0,680.0,260.0,16.0,FYUL,0.0,90.0,2.8,0.0,1.0,0.0,1133,10
Baked Kale Chips,55091,grain,473.176,30.82,30.0,1.0,2.5,1.0,1.0,0.0,100.0,95.0,0.0,FYUL,0.0,70.0,0.5,0.0,26.0,0.0,1134,10
Baked Plantains,6962.6,vegetable,118.294,26.4,60.0,0.0,2.5,10.0,1.0,0.0,110.0,200.0,5.0,FYUL,0.0,0.0,0.1,0.0,4.0,0.0,1135,10
Baked Potatoes,553.15,grain,-0.5,114.78,110.0,2.0,1.0,24.0,2.0,0.0,440.0,150.0,2.0,FYUL,0.0,10.0,0.4,0.0,15.0,0.0,1136,10
Balsamic Glazed Pork,33569.3,protein,236.588,113.4,210.0,18.0,15.0,2.0,0.0,4.0,410.0,420.0,1.0,FYUL,45.0,10.0,0.7,5.0,0.0,0.0,1137,10
Barbecued Chicken,106352,protein,177.441,113.4,270.0,27.0,15.0,6.0,0.0,4.0,250.0,500.0,5.0,FYUL,85.0,20.0,1.3,0.0,0.0,0.0,1138,10
BBQ Pork Baked Sweet Potato,108002.2,grain,-0.5,128.84,190.0,12.0,7.0,20.0,3.0,2.5,390.0,310.0,8.0,FYUL,40.0,30.0,1.2,0.0,15.0,5.0,1139,10
Black Bean and Corn Salad,18398,vegetable,118.294,113.08,100.0,5.0,2.0,18.0,5.0,0.0,300.0,75.0,2.0,FYUL,0.0,30.0,1.5,0.0,9.0,0.0,1140,10
Black eyed pea salad,120671.1,vegetable,118.294,110.4,100.0,3.0,6.0,11.0,3.0,1.0,210.0,250.0,1.0,FYUL,0.0,30.0,1.1,0.0,20.0,15.0,1141,10
"Black Eyed Pea, Roasted Corn Salad",47778.2,vegetable,118.294,231.15,90.0,3.0,2.0,18.0,4.0,0.0,340.0,80.0,3.0,FYUL,0.0,80.0,1.1,0.0,26.0,0.0,1142,10
Brown Rice,16882.6,grain,118.294,110.23,110.0,2.0,1.0,24.0,1.0,0.0,80.0,160.0,0.0,FYUL,0.0,10.0,0.4,0.0,0.0,0.0,1143,10
Brown Rice Salad,103718.1,grain,118.294,131.55,140.0,4.0,2.5,27.0,3.0,0.0,180.0,170.0,2.0,FYUL,0.0,20.0,1.1,0.0,18.0,10.0,1144,10
Carrot and Daikon Salad,35515.3,vegetable,118.294,87.31,35.0,1.0,0.0,8.0,1.0,0.0,180.0,45.0,6.0,FYUL,0.0,20.0,0.3,0.0,9.0,0.0,1145,10
Cauliflower Rice Tabouleh,10514.6,grain,118.294,76.29,70.0,2.0,4.0,8.0,2.0,0.5,220.0,70.0,1.0,FYUL,0.0,30.0,1.4,0.0,23.0,5.0,1146,10
Chipotle Lime Turkey,138742.1,protein,118.294,85.05,150.0,17.0,3.0,14.0,0.0,1.0,40.0,620.0,12.0,FYUL,50.0,30.0,1.1,0.0,1.0,15.0,1147,10
Chunky Vegetable Salad,10518.2,vegetable,118.294,113.4,35.0,1.0,1.0,6.0,2.0,0.0,310.0,55.0,3.0,FYUL,0.0,30.0,0.5,0.0,37.0,0.0,1148,10
Corn Salad,9285.5,vegetable,118.294,118.69,90.0,2.0,3.5,14.0,2.0,0.0,250.0,280.0,4.0,FYUL,0.0,10.0,0.5,0.0,28.0,0.0,1149,10
"Corn, Black Eyed Peas & Lima Bean Salad",43185.3,vegetable,118.294,94.38,180.0,3.0,14.0,12.0,3.0,1.0,180.0,180.0,2.0,FYUL,0.0,20.0,0.9,0.0,14.0,0.0,1150,10
"Cucumber, Tomato, Parsley Salad",22656.1,vegetable,118.294,84.89,30.0,1.0,1.5,4.0,1.0,0.0,160.0,70.0,2.0,FYUL,0.0,10.0,0.3,0.0,7.0,0.0,1151,10
Fresh Cauliflower,514,vegetable,118.294,92.64,25.0,2.0,0.0,5.0,2.0,0.0,280.0,75.0,2.0,FYUL,0.0,20.0,0.5,0.0,46.0,0.0,1152,10
Fruit Cup,134987,vegetable,118.294,99.22,50.0,1.0,0.0,14.0,1.0,0.0,160.0,0.0,11.0,FYUL,0.0,10.0,0.3,0.0,28.0,0.0,1153,10
Garlic & Herb Olive Oil Mashed Potatoes,103834,grain,177.441,113.4,150.0,2.0,6.0,23.0,2.0,1.0,380.0,190.0,1.0,FYUL,0.0,10.0,0.5,0.0,8.0,0.0,1154,10
Garlic Rice,36157,grain,118.294,98.02,130.0,3.0,3.0,23.0,1.0,0.0,60.0,20.0,1.0,FYUL,0.0,20.0,1.4,0.0,2.0,60.0,1155,10
Garlic Thyme Garbanzo Beans,102554,protein,118.294,73.79,120.0,6.0,2.0,20.0,6.0,0.0,220.0,5.0,3.0,FYUL,0.0,40.0,2.2,0.0,2.0,0.0,1156,10
Green Bean Salad,111.1,protein,118.294,107.2,50.0,1.0,2.5,7.0,2.0,0.0,190.0,85.0,3.0,FYUL,0.0,40.0,0.5,0.0,9.0,0.0,1157,10
Grilled Vegetables,5294.16,vegetable,118.294,130.15,25.0,2.0,0.0,5.0,2.0,0.0,340.0,60.0,4.0,FYUL,0.0,20.0,0.8,5.0,48.0,10.0,1158,10
Herb and Lemon Brown Rice and Quinoa,117903.1,grain,157.7253333333333,113.4,130.0,3.0,1.0,26.0,1.0,0.0,90.0,75.0,0.0,FYUL,0.0,10.0,0.6,0.0,2.0,0.0,1159,10
Herb Roasted Chicken,50686,protein,236.588,151.89,370.0,40.0,22.0,0.0,0.0,6.0,340.0,350.0,0.0,FYUL,130.0,30.0,1.9,5.0,1.0,0.0,1160,10
Herb Roasted Potato Wedges,103420,grain,118.294,113.4,140.0,3.0,5.0,21.0,2.0,0.0,590.0,360.0,2.0,FYUL,0.0,10.0,0.9,0.0,14.0,0.0,1161,10
Honeydew and Grape Salad,5326.1,vegetable,118.294,103.44,80.0,1.0,4.0,12.0,1.0,0.0,210.0,75.0,11.0,FYUL,0.0,10.0,0.2,0.0,14.0,5.0,1162,10
Jicama Watercress Salad,36001,vegetable,118.294,57.37,30.0,1.0,1.0,5.0,2.0,0.0,110.0,30.0,3.0,FYUL,0.0,20.0,0.3,0.0,13.0,0.0,1163,10
Lemon Dill Coleslaw,17687,vegetable,118.294,63.33,50.0,1.0,4.5,3.0,1.0,0.0,100.0,230.0,2.0,FYUL,0.0,20.0,0.3,0.0,19.0,0.0,1164,10
Lemon Dill Potato Salad,34995,vegetable,118.294,99.28,140.0,2.0,9.0,14.0,2.0,0.5,380.0,210.0,2.0,FYUL,0.0,10.0,0.6,0.0,24.0,0.0,1165,10
Lentil and Potato Salad,37633.3,vegetable,118.294,109.9,100.0,5.0,1.5,17.0,4.0,0.0,370.0,50.0,2.0,FYUL,0.0,20.0,1.8,0.0,12.0,0.0,1166,10
Lime Cilantro Cabbage Slaw,105263,vegetable,118.294,55.37,120.0,1.0,11.0,6.0,1.0,1.5,100.0,60.0,4.0,FYUL,0.0,20.0,0.3,0.0,13.0,5.0,1167,10
Mexican Corn,1008,vegetable,118.294,131.51,120.0,3.0,3.0,24.0,3.0,0.0,300.0,0.0,4.0,FYUL,0.0,0.0,0.7,0.0,12.0,25.0,1168,10
Mustard Green Saute,103752,vegetable,118.294,120.4,45.0,3.0,1.5,6.0,2.0,0.0,200.0,170.0,2.0,FYUL,0.0,140.0,1.1,0.0,30.0,10.0,1169,10
Orange and Beet Salad,45535,vegetable,236.588,193.03,90.0,2.0,0.0,21.0,4.0,0.0,430.0,65.0,16.0,FYUL,0.0,70.0,0.6,0.0,75.0,0.0,1170,10
Orange Roasted Baby Carrots,109566,vegetable,118.294,113.4,90.0,1.0,3.5,14.0,3.0,0.5,240.0,190.0,10.0,FYUL,0.0,30.0,0.9,0.0,11.0,0.0,1171,10
Pulled Pork,118988,protein,177.441,163.81,190.0,20.0,12.0,1.0,0.0,4.5,370.0,75.0,0.0,FYUL,70.0,30.0,1.4,35.0,2.0,0.0,1172,10
Quinoa and Chickpea Tabouleh,10514.9,vegetable,118.294,84.73,130.0,4.0,7.0,15.0,3.0,0.5,220.0,95.0,1.0,FYUL,0.0,30.0,1.7,0.0,12.0,10.0,1173,10
Ratatouille Casserole,2012,vegetable,709.764,283.5,390.0,15.0,10.0,65.0,13.0,2.0,1640.0,1190.0,22.0,FYUL,5.0,190.0,6.6,0.0,108.0,340.0,1174,10
Red Cabbage Cilantro Slaw,112583,vegetable,118.294,63.36,15.0,1.0,0.0,4.0,1.0,0.0,140.0,480.0,2.0,FYUL,0.0,20.0,0.4,0.0,38.0,5.0,1175,10
Red Potatoes with Onions and Peppers,31020,grain,118.294,144.85,140.0,3.0,4.5,24.0,3.0,0.0,670.0,190.0,3.0,FYUL,0.0,20.0,1.0,0.0,27.0,0.0,1176,10
Roast Beef,64984.2,protein,177.441,85.05,180.0,24.0,9.0,0.0,0.0,3.0,190.0,30.0,0.0,FYUL,70.0,10.0,1.9,5.0,0.0,0.0,1177,10
Roasted Broccoli,33992.71,vegetable,118.294,77.86,40.0,2.0,2.0,5.0,2.0,0.0,240.0,140.0,1.0,FYUL,0.0,40.0,0.6,0.0,67.0,0.0,1178,10
Roasted Cauliflower,102530,vegetable,118.294,114.46,30.0,2.0,0.0,6.0,2.0,0.0,340.0,220.0,2.0,FYUL,0.0,30.0,0.5,0.0,55.0,0.0,1179,10
Roasted Chicken,27288,protein,177.441,85.05,170.0,24.0,7.0,0.0,0.0,2.0,210.0,210.0,0.0,FYUL,75.0,10.0,1.0,5.0,0.0,0.0,1180,10
Roasted Vegetable Medley,103816,vegetable,118.294,218.06,50.0,3.0,0.5,11.0,3.0,0.0,580.0,190.0,6.0,FYUL,0.0,60.0,1.0,0.0,60.0,30.0,1181,10
"Sautéed Green Beans, Onions, Tomatoes",103757,vegetable,118.294,113.4,45.0,2.0,1.5,8.0,3.0,0.0,170.0,190.0,4.0,FYUL,0.0,40.0,0.6,0.0,11.0,0.0,1182,10
Sauteed Tomatoes with Kale,43933,vegetable,118.294,54.12,20.0,1.0,1.0,3.0,1.0,0.0,140.0,50.0,1.0,FYUL,0.0,50.0,0.4,0.0,22.0,0.0,1183,10
Seasoned Grilled Chicken,12986.5,protein,236.588,113.4,200.0,31.0,8.0,0.0,0.0,1.5,350.0,290.0,0.0,FYUL,110.0,10.0,0.5,0.0,0.0,5.0,1184,10
Shaved Brussel Sprouts & Kale Salad,102677,vegetable,118.294,31.8,25.0,1.0,1.5,2.0,1.0,0.0,100.0,100.0,0.0,FYUL,0.0,30.0,0.4,0.0,21.0,0.0,1185,10
Spiced Beef with Tomatoes,40779.2,protein,177.441,85.05,170.0,23.0,7.0,2.0,0.0,2.0,330.0,180.0,1.0,FYUL,65.0,20.0,1.5,0.0,1.0,0.0,1186,10
"Spiced Collard Greens, Tomatoes",35106.7,vegetable,118.294,192.37,80.0,3.0,4.0,9.0,4.0,0.0,350.0,200.0,3.0,FYUL,0.0,170.0,1.0,0.0,33.0,90.0,1187,10
Steamed Red Quinoa,9540.3,vegetable,118.294,93.26,140.0,5.0,2.5,24.0,3.0,0.0,210.0,65.0,0.0,FYUL,0.0,20.0,1.7,0.0,0.0,0.0,1188,10
Stewed Black Beans with Tomatoes and Onions,104701,protein,118.294,81.85,60.0,3.0,1.0,9.0,4.0,0.0,180.0,340.0,0.0,FYUL,0.0,20.0,1.2,0.0,3.0,0.0,1189,10
Sweet Corn Salad,35080.10,vegetable,118.294,117.43,130.0,2.0,6.0,20.0,2.0,0.5,260.0,50.0,5.0,FYUL,0.0,10.0,0.5,0.0,6.0,0.0,1190,10
Thyme and Garlic Roasted Turkey Breast,103482,protein,118.294,85.05,80.0,14.0,2.0,0.0,0.0,0.5,110.0,460.0,0.0,FYUL,40.0,10.0,0.8,0.0,1.0,0.0,1191,10
Tortilla Chips,5802,grain,473.176,42.52,220.0,3.0,11.0,26.0,2.0,4.5,0.0,230.0,1.0,FYUL,0.0,20.0,0.6,0.0,0.0,15.0,1192,10
Vietnamese Herb Salad,19437,vegetable,118.294,32.37,5.0,1.0,0.0,1.0,1.0,0.0,90.0,0.0,0.0,FYUL,0.0,20.0,0.8,0.0,5.0,0.0,1193,10
"Wheat Berry, Mustard Green Salad",82836.2,vegetable,118.294,92.98,130.0,5.0,3.0,22.0,4.0,0.0,190.0,120.0,7.0,FYUL,0.0,50.0,1.4,0.0,8.0,0.0,1194,10
White Bean & Kale Salad,102676,vegetable,118.294,90.85,100.0,5.0,4.0,13.0,5.0,0.0,300.0,230.0,1.0,FYUL,0.0,80.0,1.4,0.0,18.0,0.0,1195,10
Baked Ziti,4813.17,grain,177.441,154.32,180.0,9.0,6.0,24.0,2.0,3.0,190.0,320.0,2.0,HOMESTYLE,15.0,120.0,1.5,5.0,6.0,45.0,1196,10
BBQ Chicken,103957.3,protein,177.441,113.4,300.0,24.0,18.0,10.0,0.0,4.0,260.0,1350.0,8.0,HOMESTYLE,80.0,20.0,1.3,0.0,0.0,0.0,1197,10
Beef Ragout Burgundy with Noodles,4850,protein,354.882,226.8,390.0,29.0,15.0,32.0,2.0,4.0,390.0,400.0,2.0,HOMESTYLE,90.0,20.0,4.1,5.0,1.0,0.0,1198,10
Bourbon Chicken,102507,protein,236.588,187.2,330.0,29.0,9.0,25.0,0.0,2.5,500.0,850.0,23.0,HOMESTYLE,150.0,30.0,1.5,10.0,0.0,0.0,1199,10
"Braised Chicken Thighs, Onions",102487.1,protein,295.735,212.66,290.0,21.0,19.0,8.0,1.0,4.0,340.0,450.0,3.0,HOMESTYLE,115.0,30.0,1.1,5.0,13.0,5.0,1200,10
Braised Escarole,103183,vegetable,118.294,420.88,110.0,3.0,7.0,11.0,4.0,4.5,430.0,950.0,3.0,HOMESTYLE,20.0,90.0,1.3,0.0,12.0,80.0,1201,10
Broccoli Cheddar Mac & Cheese,21538,vegetable,354.882,170.1,290.0,12.0,15.0,28.0,2.0,8.0,180.0,610.0,4.0,HOMESTYLE,40.0,300.0,1.5,50.0,15.0,0.0,1202,10
Brussels Sprouts with Bacon & Onions,109675,vegetable,177.441,135.08,80.0,5.0,3.0,10.0,3.0,1.0,430.0,330.0,0.0,HOMESTYLE,5.0,0.0,0.0,0.0,0.0,0.0,1203,10
Cashew Cauliflower Kung Pao,105613,vegetable,177.441,358.24,440.0,11.0,5.0,89.0,6.0,1.0,710.0,1050.0,12.0,HOMESTYLE,0.0,90.0,2.9,0.0,188.0,70.0,1204,10
Cheddar Onion Biscuits,14450,grain,-1.0,86.19,270.0,6.0,12.0,34.0,1.0,4.5,100.0,730.0,6.0,HOMESTYLE,10.0,140.0,1.5,0.0,1.0,5.0,1205,10
Cheese and Bean Enchiladas,104313,protein,236.588,140.68,210.0,8.0,8.0,24.0,3.0,3.5,200.0,590.0,1.0,HOMESTYLE,15.0,170.0,2.0,5.0,6.0,0.0,1206,10
Chicken Marsala,16570.24,protein,-1.0,259.16,300.0,42.0,11.0,7.0,1.0,4.5,750.0,550.0,2.0,HOMESTYLE,150.0,30.0,1.4,10.0,2.0,10.0,1207,10
Chicken Parmesan,102098,protein,709.764,340.19,460.0,53.0,20.0,16.0,3.0,9.0,790.0,1120.0,5.0,HOMESTYLE,320.0,460.0,3.2,50.0,14.0,160.0,1208,10
Chicken Piccata,124682,protein,-1.0,269.73,400.0,34.0,23.0,12.0,2.0,8.0,490.0,640.0,1.0,HOMESTYLE,135.0,30.0,1.4,0.0,5.0,10.0,1209,10
Cocoa and Coffee Crusted Steak Bowl,48842,protein,-1.0,314.65,580.0,28.0,33.0,44.0,4.0,8.0,700.0,500.0,7.0,HOMESTYLE,70.0,80.0,4.7,5.0,34.0,0.0,1210,10
Coconut Curried Corn,105748,protein,236.588,113.4,100.0,2.0,5.0,14.0,2.0,4.0,250.0,90.0,3.0,HOMESTYLE,0.0,10.0,1.1,0.0,6.0,0.0,1211,10
Cowboy Caviar,11343.5,protein,236.588,130.78,110.0,5.0,3.0,17.0,5.0,0.0,310.0,260.0,2.0,HOMESTYLE,0.0,30.0,1.7,0.0,20.0,0.0,1212,10
Cream Style Corn,3419,vegetable,118.294,90.72,70.0,2.0,0.0,16.0,1.0,0.0,120.0,240.0,3.0,HOMESTYLE,0.0,0.0,0.3,0.0,4.0,0.0,1213,10
Crispy Fish Tacos,103331,protein,-2.0,237.9,390.0,20.0,19.0,36.0,5.0,2.5,510.0,1720.0,3.0,HOMESTYLE,50.0,180.0,2.4,20.0,24.0,10.0,1214,10
"Dijon Pork Loin, Garlic and Rosemary",4696.5,protein,177.441,113.4,170.0,21.0,9.0,2.0,0.0,4.0,460.0,870.0,0.0,HOMESTYLE,55.0,20.0,0.7,10.0,1.0,5.0,1215,10
Edamame and Onions,28644,vegetable,118.294,113.4,150.0,10.0,9.0,10.0,5.0,1.0,410.0,300.0,3.0,HOMESTYLE,0.0,60.0,2.0,0.0,7.0,0.0,1216,10
Eggplant Parmesan,35997.1,vegetable,-3.0,300.76,190.0,10.0,9.0,19.0,7.0,4.0,690.0,400.0,10.0,HOMESTYLE,20.0,250.0,1.5,5.0,15.0,25.0,1217,10
Escabeche,45933,protein,118.294,102.62,25.0,1.0,0.0,4.0,1.0,0.0,150.0,210.0,2.0,HOMESTYLE,0.0,10.0,0.2,0.0,26.0,0.0,1218,10
Garlic Breadstick,102356,grain,-1.0,31.28,80.0,2.0,3.0,12.0,0.0,1.5,0.0,140.0,1.0,HOMESTYLE,5.0,0.0,0.8,0.0,0.0,15.0,1219,10
Garlic Cheese Biscuit,14468,grain,-1.0,56.42,190.0,4.0,9.0,21.0,1.0,3.5,60.0,470.0,4.0,HOMESTYLE,10.0,110.0,0.9,0.0,1.0,0.0,1220,10
Garlic Mashed Potatoes,102368,grain,118.294,181.76,90.0,2.0,0.0,19.0,2.0,0.0,330.0,290.0,2.0,HOMESTYLE,0.0,30.0,0.3,10.0,7.0,0.0,1221,10
Ginger Garlic Green Beans,25735.9,vegetable,118.294,68.86,35.0,1.0,1.0,6.0,2.0,0.0,110.0,35.0,3.0,HOMESTYLE,0.0,30.0,0.5,0.0,7.0,0.0,1222,10
Green Beans,103772,grain,157.7253333333333,116.21,60.0,2.0,3.0,9.0,4.0,0.0,170.0,25.0,4.0,HOMESTYLE,0.0,50.0,0.8,0.0,11.0,0.0,1223,10
Grilled Lemon Parmesan Broccoli,138516.1,vegetable,177.441,85.05,180.0,7.0,12.0,15.0,6.0,1.5,670.0,310.0,4.0,HOMESTYLE,5.0,150.0,1.6,0.0,187.0,5.0,1224,10
"Grilled Pineapple, Honey, Lime",23557,vegetable,-1.0,172.72,100.0,1.0,0.0,26.0,2.0,0.0,190.0,0.0,21.0,HOMESTYLE,0.0,20.0,0.5,0.0,80.0,0.0,1225,10
Herb Roasted Butternut Squash,103390,vegetable,354.882,122.6,130.0,1.0,9.0,13.0,2.0,1.5,400.0,390.0,3.0,HOMESTYLE,0.0,60.0,0.9,0.0,24.0,0.0,1226,10
Jalapeno Sweet Cornbread,79474,grain,-1.0,58.8,170.0,2.0,9.0,20.0,1.0,1.5,70.0,210.0,6.0,HOMESTYLE,20.0,20.0,0.6,5.0,1.0,0.0,1227,10
Jasmine Rice,102422,grain,118.294,97.39,150.0,2.0,3.0,28.0,1.0,0.0,30.0,120.0,0.0,HOMESTYLE,0.0,0.0,1.5,0.0,0.0,0.0,1228,10
Lemon Couscous,28951,vegetable,118.294,138.64,190.0,6.0,0.0,40.0,3.0,0.0,110.0,320.0,1.0,HOMESTYLE,0.0,20.0,0.6,0.0,5.0,0.0,1229,10
Lemon Oregano Grilled Chicken,66514,protein,118.294,85.05,170.0,19.0,10.0,1.0,0.0,2.5,210.0,220.0,0.0,HOMESTYLE,100.0,10.0,0.9,5.0,2.0,0.0,1230,10
Moroccan Spiced Swiss Chard,61177,vegetable,354.882,170.1,140.0,5.0,8.0,15.0,5.0,0.5,500.0,390.0,4.0,HOMESTYLE,0.0,70.0,2.9,0.0,30.0,0.0,1231,10
"Mustard Greens, Chili, Garlic",138629,vegetable,118.294,85.05,70.0,2.0,4.5,5.0,2.0,0.5,160.0,220.0,2.0,HOMESTYLE,0.0,110.0,0.9,0.0,23.0,0.0,1232,10
Northern Style Cornbread,142444,grain,-1.0,60.0,210.0,3.0,10.0,25.0,0.0,2.0,40.0,260.0,11.0,HOMESTYLE,40.0,20.0,0.8,250.0,0.0,0.0,1233,10
Okra and Tomatoes,102718,vegetable,118.294,153.46,50.0,2.0,1.5,9.0,3.0,0.0,250.0,95.0,4.0,HOMESTYLE,0.0,80.0,0.7,0.0,14.0,40.0,1234,10
Parmesan Cauliflower,102199,vegetable,118.294,177.25,270.0,6.0,21.0,17.0,3.0,13.0,410.0,560.0,3.0,HOMESTYLE,55.0,80.0,1.2,0.0,61.0,110.0,1235,10
Parmesan Roasted Potatoes,4490,grain,118.294,123.16,270.0,6.0,19.0,20.0,2.0,4.5,530.0,400.0,1.0,HOMESTYLE,10.0,120.0,0.7,5.0,11.0,130.0,1236,10
Pasta Primavera,102068,grain,591.47,336.19,440.0,20.0,16.0,55.0,6.0,9.0,490.0,640.0,6.0,HOMESTYLE,40.0,310.0,2.8,5.0,37.0,90.0,1237,10
Penne with Marinara,2402,grain,118.294,115.4,100.0,4.0,1.0,19.0,2.0,0.0,150.0,10.0,2.0,HOMESTYLE,0.0,20.0,1.1,0.0,8.0,50.0,1238,10
Roasted Asparagus,33992.116,vegetable,118.294,155.76,60.0,3.0,4.0,6.0,3.0,0.0,310.0,250.0,3.0,HOMESTYLE,0.0,40.0,3.3,0.0,8.0,0.0,1239,10
Roasted Carrots,33992.8,vegetable,118.294,130.63,70.0,1.0,3.0,10.0,4.0,0.0,300.0,720.0,6.0,HOMESTYLE,0.0,40.0,1.1,0.0,3.0,0.0,1240,10
Roasted Garlic Kale,28985,vegetable,-4.0,113.4,35.0,3.0,1.5,5.0,4.0,0.0,320.0,410.0,1.0,HOMESTYLE,0.0,220.0,1.4,0.0,82.0,0.0,1241,10
Roasted Portobello Mushrooms,59008.1,vegetable,118.294,75.58,45.0,2.0,3.5,3.0,1.0,0.0,260.0,360.0,2.0,HOMESTYLE,0.0,0.0,0.3,5.0,0.0,0.0,1242,10
Roasted Sweet Potato and Apple,18551.7,grain,118.294,120.09,90.0,1.0,0.5,22.0,2.0,0.0,190.0,75.0,13.0,HOMESTYLE,0.0,30.0,0.5,0.0,9.0,0.0,1243,10
Roasted Yellow Squash,8060.6,vegetable,118.294,93.35,40.0,1.0,2.5,4.0,1.0,0.0,200.0,0.0,3.0,HOMESTYLE,0.0,20.0,0.4,0.0,18.0,0.0,1244,10
Rwandan Tomato Onion Salad,82609.2,vegetable,118.294,0.03,0.0,0.0,0.0,0.0,0.0,0.0,0.0,0.0,0.0,HOMESTYLE,0.0,0.0,0.0,0.0,0.0,0.0,1245,10
Saffron-Laced Moroccan Tagine,21742,protein,295.735,170.1,70.0,3.0,1.0,14.0,4.0,0.0,350.0,190.0,5.0,HOMESTYLE,0.0,50.0,1.3,0.0,29.0,50.0,1246,10
Sauteed Green Beans and Sweet Onions,9002.10,protein,118.294,103.58,50.0,2.0,1.5,8.0,3.0,0.0,150.0,50.0,4.0,HOMESTYLE,0.0,40.0,0.6,0.0,10.0,0.0,1247,10
Sauteed Spiced Zucchini,22741.1,vegetable,118.294,85.05,35.0,1.0,2.5,3.0,1.0,0.0,240.0,240.0,2.0,HOMESTYLE,0.0,20.0,0.4,0.0,17.0,0.0,1248,10
Sauteed Spinach with Garlic,35015.19,vegetable,118.294,155.7,70.0,4.0,4.0,6.0,3.0,0.0,850.0,240.0,1.0,HOMESTYLE,0.0,150.0,4.1,0.0,43.0,0.0,1249,10
Signature Mac & Cheese,103771,grain,118.294,76.82,140.0,5.0,10.0,8.0,0.0,6.0,90.0,310.0,3.0,HOMESTYLE,30.0,160.0,0.4,45.0,0.0,0.0,1250,10
Smashed Black Beans,102312,protein,118.294,117.26,110.0,6.0,2.5,16.0,6.0,0.0,330.0,270.0,1.0,HOMESTYLE,0.0,40.0,2.2,0.0,6.0,0.0,1251,10
Southwestern Beef Stew,3409.1,protein,236.588,170.1,240.0,26.0,10.0,12.0,5.0,2.5,800.0,380.0,6.0,HOMESTYLE,65.0,120.0,3.9,0.0,36.0,190.0,1252,10
Spanakopita Loaded Potatoes,110573,grain,-0.5,232.36,200.0,8.0,8.0,24.0,4.0,4.0,860.0,330.0,3.0,HOMESTYLE,25.0,0.0,0.0,0.0,0.0,0.0,1253,10
Steamed Symphony of Seafood,58134,protein,-1.0,520.44,680.0,40.0,36.0,27.0,5.0,18.0,1220.0,1250.0,7.0,HOMESTYLE,150.0,100.0,4.0,35.0,26.0,25.0,1254,10
Sweet and Sour Pork,106574,protein,177.441,85.05,90.0,6.0,2.5,11.0,1.0,1.0,180.0,500.0,7.0,HOMESTYLE,20.0,10.0,0.5,20.0,18.0,5.0,1255,10
Sweet Potato Hash with Kale,12274.9,grain,236.588,113.4,100.0,2.0,4.5,14.0,3.0,0.0,260.0,75.0,5.0,HOMESTYLE,0.0,60.0,1.1,0.0,40.0,0.0,1256,10
Vegan Mashed Sweet Potatoes,128686,grain,118.294,128.79,120.0,3.0,0.0,27.0,4.0,0.0,560.0,150.0,10.0,HOMESTYLE,0.0,0.0,0.0,0.0,0.0,0.0,1257,10
Vegetable Spring Roll,5864.1,vegetable,-1.0,28.39,35.0,2.0,0.0,8.0,0.0,0.0,240.0,180.0,1.0,HOMESTYLE,0.0,30.0,0.6,0.0,15.0,60.0,1258,10
White Pita Bread,5550,grain,-1.0,37.03,100.0,3.0,0.0,21.0,1.0,0.0,40.0,200.0,0.0,HOMESTYLE,0.0,30.0,1.0,0.0,0.0,0.0,1259,10
Avoiding Gluten Pasta with Broccoli Pesto,139038,grain,473.176,226.8,560.0,9.0,26.0,74.0,4.0,3.5,310.0,680.0,3.0,ROOTED,0.0,60.0,1.2,0.0,82.0,0.0,1260,10
Basmati Rice with Peas,38405.2,grain,118.294,72.77,100.0,3.0,0.0,21.0,1.0,0.0,50.0,65.0,1.0,ROOTED,0.0,10.0,1.3,0.0,2.0,80.0,1261,10
BBQ Tempeh,27919,protein,236.588,113.4,210.0,22.0,12.0,10.0,0.0,2.5,440.0,95.0,1.0,ROOTED,0.0,120.0,2.9,0.0,0.0,5.0,1262,10
Beet Poke Bowl,135824,vegetable,-1.0,668.04,550.0,18.0,13.0,94.0,14.0,1.5,1380.0,400.0,18.0,ROOTED,0.0,100.0,6.5,0.0,33.0,20.0,1263,10
Black Bean Quesadilla w/ Vegan Cheese,3368.6,protein,-2.0,209.48,560.0,12.0,28.0,67.0,6.0,9.0,350.0,880.0,4.0,ROOTED,0.0,250.0,1.0,0.0,9.0,10.0,1264,10
Blanched Lemon Spinach,101971,vegetable,118.294,48.35,10.0,1.0,0.0,2.0,1.0,0.0,260.0,220.0,0.0,ROOTED,0.0,50.0,1.3,0.0,16.0,0.0,1265,10
Bowtie Pasta,3898.4,grain,118.294,69.78,110.0,4.0,0.5,22.0,1.0,0.0,30.0,0.0,0.0,ROOTED,0.0,0.0,0.9,0.0,0.0,0.0,1266,10
Buffalo Baked Potato Wedges,138982,grain,177.441,85.05,80.0,2.0,0.0,19.0,2.0,0.0,490.0,510.0,1.0,ROOTED,0.0,20.0,0.9,0.0,7.0,0.0,1267,10
Carrot Risotto,16844.1,grain,177.441,113.4,60.0,2.0,1.5,10.0,2.0,0.0,200.0,65.0,2.0,ROOTED,0.0,20.0,0.6,0.0,8.0,5.0,1268,10
Cilantro Rice,6951,grain,118.294,110.47,100.0,2.0,3.0,18.0,1.0,0.0,100.0,180.0,1.0,ROOTED,0.0,10.0,0.4,0.0,2.0,0.0,1269,10
Dal and Spinach Coconut Curry,103499,vegetable,236.588,296.85,380.0,15.0,18.0,45.0,10.0,11.0,820.0,1200.0,10.0,ROOTED,0.0,190.0,8.4,0.0,40.0,0.0,1270,10
Dukkah'd Beets with Pistachio,76011.1,vegetable,118.294,61.98,35.0,1.0,1.0,7.0,1.0,0.0,200.0,80.0,5.0,ROOTED,0.0,10.0,0.7,0.0,2.0,0.0,1271,10
Eggplant Pomodoro Pasta,103376,grain,236.588,249.04,210.0,5.0,8.0,29.0,5.0,1.0,440.0,480.0,6.0,ROOTED,0.0,30.0,1.7,0.0,15.0,0.0,1272,10
Garlic Chard and White Beans,35019.6,vegetable,118.294,84.38,80.0,4.0,2.0,11.0,5.0,0.0,340.0,95.0,1.0,ROOTED,0.0,50.0,1.9,0.0,14.0,0.0,1273,10
Garlic Cheese Bread Sticks,14403.24,grain,-1.0,50.0,140.0,5.0,5.0,17.0,1.0,2.0,50.0,210.0,1.0,ROOTED,10.0,60.0,1.1,0.0,2.0,0.0,1274,10
Hawaiian Stir-Fried Tempeh,28870,protein,118.294,111.63,110.0,7.0,4.0,13.0,1.0,1.0,270.0,40.0,9.0,ROOTED,0.0,50.0,1.1,0.0,10.0,20.0,1275,10
Indonesian Jackfruit Curry Bowl,141713,vegetable,-1.0,566.99,550.0,16.0,16.0,92.0,10.0,7.0,1220.0,1010.0,29.0,ROOTED,0.0,130.0,6.8,0.0,38.0,0.0,1276,10
Lemon Roasted Broccoli,123763.1,vegetable,236.588,113.4,220.0,3.0,21.0,6.0,2.0,3.0,290.0,390.0,2.0,ROOTED,0.0,40.0,0.8,0.0,79.0,0.0,1277,10
Mushroom Soy Tacos and Kale Slaw,29089.4,vegetable,-2.0,253.59,240.0,9.0,10.0,33.0,7.0,1.5,550.0,320.0,6.0,ROOTED,0.0,230.0,3.6,5.0,40.0,0.0,1278,10
"Plantiful Bowl, Spinach, Lentil",80589.2,vegetable,-1.0,226.8,250.0,7.0,10.0,35.0,8.0,1.0,610.0,210.0,6.0,ROOTED,0.0,70.0,3.9,0.0,32.0,0.0,1279,10
Roasted Buffalo Cauliflower,103917.1,vegetable,118.294,122.05,60.0,2.0,3.0,6.0,2.0,0.0,350.0,200.0,2.0,ROOTED,0.0,30.0,0.5,0.0,55.0,0.0,1280,10
Roasted Fennel Salad,35016.1,vegetable,473.176,418.7,240.0,6.0,15.0,25.0,8.0,1.5,1480.0,420.0,13.0,ROOTED,0.0,150.0,2.5,5.0,41.0,0.0,1281,10
Seaweed and Cabbage Slaw,75761.3,vegetable,118.294,90.16,25.0,1.0,0.0,5.0,1.0,0.0,250.0,150.0,2.0,ROOTED,0.0,80.0,0.8,0.0,28.0,0.0,1282,10
"Spaghetti Squash, Mushrooms, Tomato",103767,grain,118.294,98.42,35.0,1.0,1.5,6.0,1.0,0.0,180.0,105.0,2.0,ROOTED,0.0,20.0,0.3,0.0,4.0,0.0,1283,10
"Spiced Tofu, Mango Sweet Chili Sauce",23596.3,grain,-1.0,152.37,160.0,9.0,9.0,14.0,1.0,1.0,170.0,240.0,10.0,ROOTED,0.0,400.0,6.3,0.0,6.0,15.0,1284,10
Spicy Black Beans,102639,protein,118.294,158.44,100.0,4.0,3.5,14.0,5.0,0.0,320.0,420.0,3.0,ROOTED,0.0,60.0,2.1,0.0,11.0,25.0,1285,10
Steamed Green Beans,102964,grain,118.294,97.13,80.0,2.0,6.0,7.0,3.0,0.0,130.0,370.0,3.0,ROOTED,0.0,40.0,0.6,0.0,9.0,0.0,1286,10
Sweet Potato Korma with Coconut Milk,123726,grain,709.764,152.08,180.0,4.0,12.0,16.0,3.0,6.0,280.0,450.0,4.0,ROOTED,0.0,40.0,1.9,0.0,10.0,20.0,1287,10
Taarka Vegetable,59000,vegetable,118.294,88.24,50.0,1.0,3.5,6.0,2.0,0.0,200.0,290.0,3.0,ROOTED,0.0,10.0,0.6,0.0,4.0,20.0,1288,10
Tempeh Provencal,103926,protein,236.588,113.4,140.0,10.0,9.0,9.0,2.0,1.5,360.0,250.0,2.0,ROOTED,0.0,90.0,2.9,0.0,18.0,25.0,1289,10
Tofu Marsala,102039,protein,-1.0,256.37,280.0,22.0,18.0,11.0,4.0,2.0,600.0,340.0,3.0,ROOTED,0.0,800.0,3.6,0.0,5.0,5.0,1290,10
Tofu Stir Fry with Rice,33843.7,protein,-1.0,526.67,370.0,10.0,10.0,61.0,5.0,1.0,630.0,660.0,13.0,ROOTED,0.0,250.0,4.3,0.0,77.0,110.0,1291,10
Turmeric Mushrooms,68265,vegetable,118.294,132.78,50.0,3.0,2.5,5.0,1.0,0.0,270.0,120.0,2.0,ROOTED,0.0,10.0,0.6,5.0,3.0,10.0,1292,10
"Vegan ""Chicken"" Parmesan",4263.13,protein,-1.0,177.01,240.0,19.0,14.0,11.0,6.0,0.5,110.0,470.0,1.0,ROOTED,0.0,20.0,0.3,0.0,7.0,45.0,1293,10
Vegan Meatballs,117004,protein,118.294,92.7,160.0,14.0,8.0,9.0,3.0,0.5,230.0,380.0,1.0,ROOTED,0.0,60.0,1.8,0.0,0.0,0.0,1294,10
Warm Quinoa and Corn Salad,103446.1,vegetable,1182.94,247.92,170.0,6.0,2.0,33.0,5.0,0.0,450.0,200.0,3.0,ROOTED,0.0,50.0,2.1,0.0,12.0,70.0,1295,10
Yakisoba Noodles,56881.11,grain,236.588,113.4,110.0,8.0,3.0,45.0,2.0,0.0,0.0,250.0,1.0,ROOTED,0.0,60.0,2.7,0.0,0.0,0.0,1296,10
Chipotle BBQ Chicken Pizza,67979.3,grain,-1.0,250.38,490.0,29.0,12.0,65.0,4.0,6.0,420.0,970.0,8.0,500 DEGREES,60.0,400.0,4.2,10.0,4.0,15.0,1297,10
Sausage Cheese Pizza,103574.3,grain,-1.0,97.38,230.0,10.0,10.0,24.0,1.0,3.5,130.0,530.0,2.0,500 DEGREES,25.0,80.0,1.7,10.0,2.0,10.0,1298,10
Sweet Blueberry Streusel Pizza,68050.2,grain,-1.0,157.9,380.0,7.0,7.0,73.0,3.0,4.0,130.0,340.0,30.0,500 DEGREES,10.0,30.0,2.7,0.0,4.0,5.0,1299,10
Sweet S'mores Pizza,68050.7,grain,-1.0,110.3,330.0,6.0,8.0,62.0,3.0,4.5,130.0,310.0,29.0,500 DEGREES,5.0,20.0,2.4,0.0,3.0,0.0,1300,10
Angry Chicken Po Boy,49663.1,protein,-0.5,197.89,360.0,21.0,19.0,29.0,2.0,8.0,340.0,600.0,3.0,FLAME,95.0,160.0,2.2,10.0,7.0,5.0,1301,10
BBQ Chicken Wings,112011.4,protein,-4.0,185.01,390.0,22.0,22.0,25.0,1.0,6.0,0.0,1470.0,13.0,FLAME,135.0,20.0,0.3,0.0,0.0,45.0,1302,10
Beef Tostada,41798.1,protein,-1.0,238.87,320.0,14.0,18.0,26.0,7.0,3.5,530.0,520.0,4.0,FLAME,0.0,0.0,0.0,0.0,0.0,0.0,1303,10
Boneless Buffalo Wings,109523,protein,-2.0,183.16,220.0,29.0,7.0,12.0,2.0,2.0,220.0,270.0,0.0,FLAME,75.0,0.0,0.0,0.0,0.0,0.0,1304,10
Cajun Macaroni & Cheese,21527,grain,236.588,151.2,300.0,13.0,18.0,22.0,1.0,10.0,140.0,690.0,3.0,FLAME,50.0,290.0,1.0,50.0,5.0,5.0,1305,10
Caribbean Jerk Chicken Tenders,120206,protein,1182.94,592.03,1090.0,45.0,47.0,115.0,9.0,6.0,360.0,8100.0,49.0,FLAME,65.0,320.0,11.1,0.0,67.0,400.0,1306,10
Classic Fish & Chips,86527,protein,-1.0,416.07,570.0,29.0,15.0,80.0,4.0,1.5,1140.0,510.0,4.0,FLAME,70.0,140.0,3.0,45.0,30.0,10.0,1307,10
Corn Elote,138463,vegetable,-0.5,78.43,160.0,3.0,12.0,14.0,2.0,2.0,140.0,200.0,3.0,FLAME,0.0,0.0,0.0,0.0,0.0,0.0,1308,10
Corn Muffin,1301,grain,-1.0,74.05,190.0,3.0,2.0,40.0,0.0,1.0,50.0,280.0,17.0,FLAME,10.0,20.0,1.2,0.0,0.0,0.0,1309,10
Crispy Cod Sandwich,4451.23,protein,-0.5,106.62,220.0,10.0,8.0,27.0,1.0,1.5,50.0,480.0,5.0,FLAME,20.0,50.0,1.5,0.0,1.0,0.0,1310,10
Firecracker Shrimp Bowl,68742,protein,-1.0,528.13,510.0,33.0,7.0,84.0,14.0,1.0,790.0,1020.0,12.0,FLAME,130.0,130.0,5.4,10.0,38.0,5.0,1311,10
Four Berry Cobbler,26924.1,vegetable,354.882,141.75,180.0,3.0,4.5,35.0,5.0,2.5,180.0,0.0,17.0,FLAME,10.0,40.0,1.2,0.0,38.0,0.0,1312,10
Fried Plantains,103920,vegetable,236.588,113.4,120.0,1.0,0.0,33.0,2.0,0.0,380.0,0.0,17.0,FLAME,0.0,10.0,0.2,0.0,13.0,0.0,1313,10
Greek Fries,85240,grain,591.47,156.06,260.0,4.0,19.0,20.0,2.0,5.0,510.0,310.0,2.0,FLAME,10.0,60.0,1.1,0.0,15.0,0.0,1314,10
Greek Pastitsio Eggplant Lasagna,123406,grain,473.176,224.01,170.0,7.0,3.0,30.0,7.0,1.0,460.0,80.0,7.0,FLAME,15.0,110.0,1.8,15.0,16.0,90.0,1315,10
Hawaiian Ham and Pineapple,37320,protein,-1.0,344.03,570.0,31.0,22.0,65.0,5.0,7.0,690.0,1540.0,14.0,FLAME,90.0,160.0,5.6,30.0,72.0,0.0,1316,10
Johnny Cakes,21182,grain,-1.0,25.82,100.0,1.0,2.0,17.0,0.0,0.5,0.0,170.0,6.0,FLAME,5.0,20.0,0.4,0.0,0.0,0.0,1317,10
Lil Buffalo,120723,protein,-1.0,331.48,690.0,54.0,35.0,39.0,2.0,17.0,260.0,1840.0,6.0,FLAME,170.0,560.0,4.3,10.0,4.0,15.0,1318,10
Lime & Sea Salt Tortilla Chips,113305,grain,236.588,28.35,100.0,2.0,4.5,13.0,2.0,0.0,60.0,720.0,0.0,FLAME,0.0,0.0,0.0,0.0,0.0,0.0,1319,10
Nashville Hot Chicken,82157.15,protein,354.882,200.41,660.0,32.0,31.0,63.0,4.0,5.0,430.0,1900.0,9.0,FLAME,80.0,60.0,5.2,0.0,2.0,0.0,1320,10
Old Bay Kettle Chips,30876.8,grain,946.352,113.4,330.0,1.0,30.0,17.0,5.0,3.0,270.0,670.0,1.0,FLAME,0.0,0.0,0.1,0.0,0.0,10.0,1321,10
Onion Rings,539.3,vegetable,354.882,192.9,500.0,4.0,32.0,50.0,4.0,3.5,0.0,600.0,7.0,FLAME,0.0,40.0,1.1,0.0,5.0,0.0,1322,10
Roasted Pork Cuban Sandwich,32415.4,protein,-0.5,130.25,260.0,17.0,10.0,25.0,2.0,3.0,210.0,750.0,2.0,FLAME,40.0,120.0,1.9,10.0,2.0,5.0,1323,10
Roasted Sweet Potatoes,103749,grain,118.294,123.51,180.0,2.0,9.0,24.0,4.0,0.5,550.0,70.0,7.0,FLAME,0.0,50.0,0.9,0.0,24.0,0.0,1324,10
Sam Adams Steamed Mussels,110034,protein,-1.0,612.08,670.0,46.0,37.0,27.0,1.0,10.0,1370.0,1670.0,2.0,FLAME,130.0,130.0,15.3,0.0,41.0,130.0,1325,10
Sriracha Fries,138954,grain,354.882,85.05,130.0,2.0,5.0,19.0,2.0,0.5,520.0,790.0,1.0,FLAME,0.0,20.0,1.2,0.0,25.0,20.0,1326,10
Sweet Potato Fries,25179.2,grain,-4.0,113.4,200.0,1.0,8.0,31.0,1.0,1.5,320.0,230.0,0.0,FLAME,0.0,0.0,0.4,0.0,0.0,0.0,1327,10
Traditional Gyro,61233.7,vegetable,-0.5,141.49,370.0,12.0,23.0,28.0,2.0,9.0,130.0,710.0,4.0,FLAME,40.0,80.0,2.5,0.0,3.0,0.0,1328,10
Vegetarian Egg Roll,27213,protein,-1.0,108.0,120.0,2.0,8.0,10.0,2.0,1.0,170.0,120.0,3.0,FLAME,5.0,40.0,0.8,0.0,31.0,20.0,1329,10
Yucca con Mojo,22637,vegetable,118.294,107.71,130.0,2.0,3.5,26.0,2.0,0.0,230.0,115.0,2.0,FLAME,0.0,40.0,0.5,0.0,21.0,0.0,1330,10
Arroz con Pollo,103392,protein,354.882,170.1,190.0,16.0,7.0,14.0,1.0,1.5,250.0,810.0,1.0,FYUL,80.0,20.0,1.4,5.0,14.0,10.0,1331,10
Avocado and Grapefruit Salad,4792.1,vegetable,709.764,116.17,150.0,2.0,14.0,8.0,3.0,1.5,400.0,290.0,4.0,FYUL,0.0,40.0,1.0,0.0,25.0,0.0,1332,10
baharat roasted carrots,94598.1,vegetable,118.294,66.62,45.0,1.0,2.0,7.0,2.0,0.0,230.0,45.0,3.0,FYUL,0.0,30.0,0.6,0.0,4.0,0.0,1333,10
Basmati Rice,4831,grain,118.294,86.67,110.0,2.0,0.0,24.0,0.0,0.0,30.0,80.0,0.0,FYUL,0.0,10.0,1.3,0.0,0.0,0.0,1334,10
Beef Pho,47608.5,protein,295.735,184.04,25.0,2.0,0.5,3.0,0.0,0.0,80.0,65.0,2.0,FYUL,5.0,10.0,0.3,0.0,6.0,0.0,1335,10
Blackened Lemon Oregano Turkey Sauté,123177,protein,118.294,85.05,170.0,16.0,12.0,3.0,1.0,1.0,190.0,480.0,1.0,FYUL,40.0,20.0,0.7,5.0,12.0,0.0,1336,10
Braised Baby Bok Choy,103731.2,vegetable,118.294,56.51,25.0,1.0,2.0,1.0,1.0,0.0,130.0,125.0,1.0,FYUL,0.0,50.0,0.4,0.0,23.0,0.0,1337,10
Braised Greens,101946,vegetable,118.294,141.77,50.0,2.0,3.0,6.0,2.0,0.0,410.0,210.0,2.0,FYUL,0.0,60.0,1.7,0.0,29.0,0.0,1338,10
Chickpea Cucumber Salad,74147.4,vegetable,118.294,100.09,120.0,4.0,6.0,15.0,4.0,1.0,200.0,220.0,4.0,FYUL,0.0,30.0,1.6,0.0,7.0,0.0,1339,10
Churrasco Pork,34595,protein,177.441,86.06,230.0,21.0,15.0,1.0,0.0,4.5,270.0,160.0,0.0,FYUL,75.0,30.0,1.8,35.0,3.0,0.0,1340,10
Cilantro Rice,103448,grain,118.294,172.78,180.0,3.0,4.0,32.0,2.0,0.0,170.0,135.0,1.0,FYUL,0.0,20.0,0.6,0.0,4.0,0.0,1341,10
Cilantro-Lime Cauliflower Rice,61769.1,protein,118.294,155.72,60.0,2.0,3.5,7.0,2.0,0.0,340.0,730.0,3.0,FYUL,0.0,30.0,0.5,0.0,50.0,0.0,1342,10
Corn Salad,9285,vegetable,118.294,118.69,90.0,2.0,3.5,14.0,2.0,0.0,250.0,280.0,4.0,FYUL,0.0,10.0,0.5,0.0,28.0,0.0,1343,10
Cucumber and Onion Salad,5150.2,vegetable,118.294,95.65,25.0,1.0,1.5,3.0,1.0,0.0,100.0,760.0,1.0,FYUL,0.0,30.0,1.1,0.0,4.0,10.0,1344,10
Fried Falafel,58022.6,protein,-4.0,79.31,250.0,10.0,10.0,32.0,6.0,1.0,380.0,340.0,6.0,FYUL,0.0,70.0,2.3,0.0,5.0,0.0,1345,10
Grilled Pork Chop,103836,protein,177.441,113.4,240.0,29.0,13.0,0.0,0.0,4.0,400.0,430.0,0.0,FYUL,95.0,30.0,1.0,35.0,0.0,0.0,1346,10
Harissa Rubbed Pork,105917,protein,177.441,113.4,190.0,20.0,10.0,0.0,1.0,3.5,240.0,60.0,0.0,FYUL,75.0,20.0,7.3,35.0,0.0,0.0,1347,10
Herbed Cauliflower Rice,102055.1,grain,118.294,61.67,35.0,1.0,2.5,3.0,1.0,0.0,180.0,35.0,1.0,FYUL,0.0,20.0,0.4,0.0,29.0,0.0,1348,10
Honey Ginger Glazed Chicken,111769,protein,177.441,113.4,200.0,26.0,5.0,12.0,0.0,1.5,310.0,460.0,11.0,FYUL,90.0,10.0,0.5,0.0,1.0,15.0,1349,10
Jasmine Rice,101498,grain,118.294,95.67,140.0,2.0,3.0,26.0,1.0,0.0,30.0,95.0,0.0,FYUL,0.0,0.0,1.4,0.0,0.0,0.0,1350,10
Marinated Vegetable Ribbons,63057,vegetable,59.147,27.98,5.0,0.0,0.0,1.0,0.0,0.0,70.0,30.0,1.0,FYUL,0.0,10.0,0.1,0.0,5.0,10.0,1351,10
Mediterranean Chopped Salad,106464,vegetable,118.294,98.9,40.0,1.0,3.0,3.0,1.0,0.0,170.0,190.0,2.0,FYUL,0.0,10.0,0.3,0.0,17.0,5.0,1352,10
Orange Beef Stir Fry,112288,protein,157.7253333333333,85.05,90.0,9.0,4.0,4.0,1.0,1.0,190.0,110.0,1.0,FYUL,25.0,10.0,0.7,0.0,20.0,0.0,1353,10
Peas and Carrots,2070.6,vegetable,118.294,90.86,60.0,3.0,0.0,11.0,3.0,0.0,180.0,100.0,4.0,FYUL,0.0,30.0,0.9,0.0,8.0,230.0,1354,10
Pineapple Pork Curry,32846,protein,118.294,85.05,90.0,8.0,4.5,4.0,1.0,1.5,200.0,130.0,2.0,FYUL,25.0,20.0,0.8,15.0,12.0,0.0,1355,10
Quinoa,16868.2,vegetable,118.294,107.33,100.0,4.0,1.5,18.0,2.0,0.0,160.0,0.0,0.0,FYUL,0.0,20.0,1.3,0.0,0.0,0.0,1356,10
Quinoa and Corn Salad,103446.3,vegetable,946.352,147.95,110.0,4.0,1.5,21.0,3.0,0.0,250.0,130.0,2.0,FYUL,0.0,20.0,1.2,0.0,5.0,15.0,1357,10
Rice Noodles,49503.17,grain,118.294,30.71,100.0,2.0,0.0,22.0,0.0,0.0,10.0,45.0,0.0,FYUL,0.0,0.0,0.2,0.0,0.0,0.0,1358,10
Roast Turkey,11915,protein,236.588,127.57,250.0,38.0,10.0,0.0,0.0,3.0,390.0,160.0,0.0,FYUL,100.0,30.0,1.9,0.0,0.0,0.0,1359,10
Roasted Chimichurri Cauliflower,102743.2,vegetable,118.294,145.19,70.0,3.0,4.0,7.0,3.0,0.0,420.0,600.0,3.0,FYUL,0.0,40.0,0.7,0.0,69.0,0.0,1360,10
Spanish Rice,999.6,grain,118.294,105.22,110.0,2.0,2.5,19.0,2.0,0.0,180.0,75.0,2.0,FYUL,0.0,40.0,1.0,0.0,14.0,50.0,1361,10
Spinach with Mushrooms,5721,vegetable,118.294,138.41,70.0,5.0,4.0,6.0,4.0,0.0,420.0,90.0,1.0,FYUL,0.0,140.0,2.0,5.0,3.0,0.0,1362,10
Steamed Broccoli,103791,vegetable,118.294,34.31,10.0,1.0,0.0,2.0,1.0,0.0,110.0,105.0,1.0,FYUL,0.0,20.0,0.3,0.0,30.0,0.0,1363,10
Tomato Onion Salad,43969,vegetable,118.294,72.97,25.0,1.0,1.0,4.0,1.0,0.0,160.0,60.0,2.0,FYUL,0.0,10.0,0.2,0.0,9.0,0.0,1364,10
Vegetable Pho,47608.6,vegetable,236.588,218.42,30.0,1.0,0.0,8.0,1.0,0.0,160.0,80.0,4.0,FYUL,0.0,20.0,0.4,5.0,8.0,5.0,1365,10
Vegetables for Fajita,3978,vegetable,157.7253333333333,85.05,50.0,1.0,1.5,8.0,2.0,0.0,220.0,150.0,3.0,FYUL,0.0,40.0,1.7,0.0,48.0,0.0,1366,10
"6"" Flour Tortilla",47204,grain,-2.0,58.0,180.0,4.0,5.0,28.0,2.0,2.0,40.0,340.0,0.0,HOMESTYLE,0.0,70.0,2.0,0.0,0.0,0.0,1367,10
Asian Vegetable Blend,102690,vegetable,118.294,91.33,30.0,2.0,0.0,7.0,2.0,0.0,220.0,250.0,3.0,HOMESTYLE,0.0,20.0,0.8,0.0,46.0,0.0,1368,10
Asian Vegetable Stir Fry,1813.13,vegetable,-1.0,140.03,70.0,2.0,2.5,11.0,2.0,0.0,330.0,170.0,5.0,HOMESTYLE,0.0,30.0,0.5,0.0,48.0,0.0,1369,10
Baked Fish Vera Cruz,103865,protein,591.47,259.43,240.0,34.0,7.0,6.0,2.0,0.5,810.0,760.0,3.0,HOMESTYLE,120.0,120.0,1.3,70.0,27.0,45.0,1370,10
BBQ Carrots with Yogurt Sauce,139259,vegetable,118.294,113.4,100.0,3.0,3.0,17.0,3.0,0.5,310.0,1050.0,11.0,HOMESTYLE,5.0,70.0,1.1,0.0,5.0,0.0,1371,10
BBQ Pulled Pork,106629,protein,236.588,113.4,240.0,23.0,11.0,13.0,3.0,4.0,490.0,2050.0,6.0,HOMESTYLE,80.0,70.0,3.5,35.0,3.0,0.0,1372,10
Blackened Sweet Potato,139280,grain,118.294,56.7,70.0,1.0,2.5,10.0,1.0,0.0,140.0,80.0,3.0,HOMESTYLE,0.0,20.0,0.5,0.0,7.0,0.0,1373,10
Boiled Yucca,117715,vegetable,177.441,113.4,360.0,3.0,11.0,64.0,4.0,1.5,510.0,510.0,5.0,HOMESTYLE,0.0,60.0,0.6,0.0,36.0,0.0,1374,10
Braised Baby Bok Choy,103731,vegetable,118.294,56.64,25.0,1.0,2.0,1.0,1.0,0.0,130.0,125.0,1.0,HOMESTYLE,0.0,60.0,0.4,0.0,23.0,0.0,1375,10
brazilian vegetable feijoada,80411,vegetable,709.764,364.8,270.0,9.0,3.5,55.0,12.0,0.0,850.0,370.0,14.0,HOMESTYLE,0.0,110.0,3.7,0.0,65.0,0.0,1376,10
Cajun Shrimp & Sausage Pasta,49443.5,protein,473.176,226.8,140.0,12.0,2.5,18.0,3.0,0.0,370.0,190.0,4.0,HOMESTYLE,55.0,60.0,0.9,0.0,46.0,50.0,1377,10
cajun tilapia,45157,protein,236.588,113.4,220.0,26.0,12.0,3.0,2.0,1.5,470.0,290.0,0.0,HOMESTYLE,55.0,30.0,1.7,140.0,2.0,0.0,1378,10
Caribbean Beans and Rice,16189.2,grain,591.47,255.9,280.0,6.0,6.0,49.0,4.0,0.5,250.0,440.0,4.0,HOMESTYLE,0.0,40.0,2.8,0.0,20.0,0.0,1379,10
Caribbean Jerk Pork Roast,4617,protein,177.441,85.05,120.0,16.0,7.0,2.0,0.0,3.0,360.0,550.0,1.0,HOMESTYLE,40.0,10.0,0.8,5.0,0.0,0.0,1380,10
Carne Asada Strips,4941,protein,118.294,85.05,170.0,13.0,12.0,2.0,1.0,2.0,220.0,120.0,1.0,HOMESTYLE,35.0,20.0,1.0,0.0,17.0,5.0,1381,10
Carrots with Ginger,103607,vegetable,118.294,130.79,70.0,1.0,2.5,13.0,3.0,1.5,390.0,270.0,6.0,HOMESTYLE,5.0,40.0,0.4,0.0,11.0,5.0,1382,10
Charred Broccoli,134325,vegetable,157.7253333333333,113.4,90.0,3.0,6.0,8.0,2.0,1.0,380.0,380.0,1.0,HOMESTYLE,0.0,60.0,1.0,0.0,104.0,0.0,1383,10
Cheddar Grits,19723.1,protein,236.588,113.4,250.0,9.0,15.0,20.0,1.0,9.0,130.0,510.0,3.0,HOMESTYLE,40.0,220.0,0.7,40.0,0.0,0.0,1384,10
Chicken Cacciatore,103924,protein,177.441,85.05,160.0,24.0,6.0,2.0,0.0,1.0,330.0,570.0,1.0,HOMESTYLE,85.0,10.0,0.6,0.0,7.0,5.0,1385,10
Chicken Fajita Mixture,121324,protein,354.882,170.1,290.0,24.0,19.0,7.0,2.0,2.0,400.0,220.0,3.0,HOMESTYLE,80.0,20.0,0.7,0.0,25.0,5.0,1386,10
Country Coleslaw,18183.2,vegetable,118.294,101.74,80.0,1.0,4.5,11.0,2.0,0.5,150.0,400.0,7.0,HOMESTYLE,5.0,30.0,0.5,0.0,21.0,0.0,1387,10
Creamy Polenta with Peas,23463.4,grain,118.294,172.69,150.0,4.0,5.0,22.0,1.0,3.0,90.0,125.0,2.0,HOMESTYLE,15.0,70.0,1.2,20.0,1.0,35.0,1388,10
Cucumber Salad,50861,vegetable,236.588,138.88,40.0,1.0,0.0,9.0,1.0,0.0,180.0,130.0,7.0,HOMESTYLE,0.0,20.0,0.4,0.0,3.0,0.0,1389,10
Dal and Spinach Curry,30018,vegetable,236.588,352.13,380.0,16.0,19.0,44.0,14.0,11.0,940.0,250.0,9.0,HOMESTYLE,0.0,220.0,7.4,0.0,19.0,0.0,1390,10
Edamame Fried Rice,50894,grain,118.294,113.4,140.0,5.0,4.5,20.0,2.0,0.5,210.0,180.0,1.0,HOMESTYLE,0.0,30.0,1.0,0.0,4.0,5.0,1391,10
Eggplant Parmesan,102094,vegetable,295.735,170.1,130.0,8.0,7.0,12.0,4.0,3.0,430.0,280.0,6.0,HOMESTYLE,15.0,190.0,0.8,5.0,7.0,10.0,1392,10
Gingered Snow Peas,42395.1,vegetable,118.294,74.23,45.0,2.0,2.0,5.0,2.0,0.0,180.0,60.0,3.0,HOMESTYLE,0.0,30.0,1.4,0.0,34.0,0.0,1393,10
Gochujang Chicken,86422.3,protein,236.588,113.4,210.0,29.0,10.0,1.0,0.0,2.5,310.0,140.0,0.0,HOMESTYLE,155.0,10.0,1.3,10.0,0.0,0.0,1394,10
Honey Lemon Carrots,102010,vegetable,118.294,116.81,110.0,1.0,5.0,18.0,3.0,3.0,240.0,200.0,14.0,HOMESTYLE,10.0,30.0,0.9,0.0,7.0,0.0,1395,10
Jerk Cauliflower Roti,105645,vegetable,473.176,180.69,250.0,7.0,11.0,36.0,9.0,1.5,540.0,230.0,5.0,HOMESTYLE,0.0,80.0,3.2,0.0,36.0,0.0,1396,10
Keema (Ground Turkey with Peas),43964,protein,236.588,206.02,340.0,31.0,20.0,9.0,2.0,4.5,430.0,270.0,3.0,HOMESTYLE,115.0,90.0,3.8,10.0,12.0,110.0,1397,10
Korean Spinach,86904.2,vegetable,118.294,56.7,25.0,2.0,1.0,3.0,2.0,0.0,270.0,95.0,0.0,HOMESTYLE,0.0,80.0,2.0,0.0,7.0,20.0,1398,10
Lemon Dill White Fish,5376,protein,236.588,96.48,90.0,17.0,2.5,0.0,0.0,0.0,260.0,350.0,0.0,HOMESTYLE,50.0,10.0,0.2,20.0,3.0,15.0,1399,10
Linguine with Tomatoes and Garlic,6858,grain,236.588,112.55,120.0,4.0,4.5,18.0,2.0,0.0,170.0,310.0,2.0,HOMESTYLE,0.0,10.0,0.9,0.0,10.0,0.0,1400,10
"Mexican Corn ""Elote""",42004,vegetable,-1.0,195.28,370.0,7.0,26.0,35.0,5.0,10.0,400.0,350.0,7.0,HOMESTYLE,40.0,70.0,1.2,0.0,11.0,0.0,1401,10
Mexican Lasagna,103879,grain,-1.0,181.26,210.0,9.0,8.0,28.0,6.0,2.5,320.0,740.0,2.0,HOMESTYLE,10.0,150.0,1.4,5.0,10.0,0.0,1402,10
Naan Flatbread,97343.1,grain,-0.5,63.0,180.0,6.0,4.5,30.0,1.0,1.0,70.0,470.0,3.0,HOMESTYLE,10.0,70.0,2.0,0.0,0.0,0.0,1403,10
New Orleans Red Beans & Rice,1354,grain,709.764,334.43,270.0,10.0,1.0,57.0,8.0,0.0,470.0,140.0,4.0,HOMESTYLE,0.0,90.0,3.3,0.0,17.0,0.0,1404,10
Orange Chicken,102346,protein,177.441,85.05,240.0,25.0,3.0,31.0,0.0,1.0,310.0,1000.0,27.0,HOMESTYLE,85.0,20.0,0.6,0.0,3.0,5.0,1405,10
Parmesan Tomato,5168,vegetable,-0.5,72.12,70.0,4.0,4.0,5.0,1.0,2.0,170.0,460.0,2.0,HOMESTYLE,10.0,120.0,0.3,5.0,10.0,0.0,1406,10
Pork Chop with Chimichurri,122828.2,protein,236.588,85.05,190.0,18.0,12.0,1.0,1.0,3.0,330.0,115.0,0.0,HOMESTYLE,60.0,40.0,1.6,20.0,21.0,0.0,1407,10
Pork Egg Roll,78386.9,protein,-2.0,96.82,300.0,7.0,21.0,24.0,2.0,3.5,200.0,400.0,2.0,HOMESTYLE,10.0,30.0,1.8,0.0,5.0,0.0,1408,10
Portobello Fajita,103914,vegetable,-1.0,125.52,130.0,3.0,3.5,21.0,3.0,1.0,220.0,220.0,3.0,HOMESTYLE,0.0,50.0,1.3,0.0,43.0,0.0,1409,10
Potatoes with Pesto,8968.5,grain,118.294,101.41,120.0,2.0,4.5,19.0,2.0,0.5,340.0,65.0,1.0,HOMESTYLE,0.0,30.0,0.4,0.0,12.0,25.0,1410,10
Roasted Butternut and Apple Salad,70499,vegetable,236.588,85.05,60.0,1.0,2.0,11.0,2.0,0.0,170.0,280.0,2.0,HOMESTYLE,0.0,30.0,0.4,0.0,10.0,0.0,1411,10
Roasted Corn,102289,vegetable,118.294,126.47,110.0,3.0,3.0,20.0,3.0,0.0,300.0,750.0,4.0,HOMESTYLE,0.0,30.0,1.4,0.0,25.0,10.0,1412,10
Roasted Peppers w/ Garlic and Herbs,63056,vegetable,118.294,131.29,160.0,1.0,14.0,7.0,2.0,2.0,240.0,130.0,3.0,HOMESTYLE,0.0,20.0,0.6,0.0,142.0,0.0,1413,10
Sesame Broccoli,102370,vegetable,118.294,104.36,90.0,3.0,7.0,7.0,3.0,1.0,340.0,210.0,2.0,HOMESTYLE,0.0,60.0,0.9,0.0,81.0,0.0,1414,10
Sesame Brown Rice,102562,grain,118.294,125.71,130.0,3.0,2.5,24.0,1.0,0.0,110.0,95.0,0.0,HOMESTYLE,0.0,10.0,0.6,0.0,0.0,0.0,1415,10
Spanish Rice,103906,grain,118.294,113.4,90.0,2.0,2.5,15.0,2.0,0.0,160.0,290.0,2.0,HOMESTYLE,0.0,30.0,1.0,0.0,11.0,60.0,1416,10
Spicy Braised Greens,123072,vegetable,118.294,76.4,30.0,1.0,1.5,3.0,2.0,0.0,130.0,55.0,1.0,HOMESTYLE,0.0,100.0,0.4,0.0,27.0,0.0,1417,10
Spicy Green Beans,102520,vegetable,236.588,148.39,70.0,2.0,1.5,15.0,4.0,0.0,210.0,220.0,7.0,HOMESTYLE,0.0,50.0,0.8,0.0,11.0,0.0,1418,10
Stewed Pinto Beans with Tomatoes and Onions,104701.2,protein,118.294,104.14,70.0,4.0,1.0,12.0,4.0,0.0,230.0,370.0,1.0,HOMESTYLE,0.0,40.0,1.3,0.0,2.0,0.0,1419,10
Thai Turkey Meatballs,123384,protein,177.441,56.7,140.0,15.0,9.0,0.0,0.0,2.5,150.0,280.0,0.0,HOMESTYLE,60.0,30.0,1.2,5.0,1.0,15.0,1420,10
Vegetable Lo Mein,102616,grain,473.176,258.31,200.0,4.0,6.0,33.0,4.0,0.5,400.0,240.0,5.0,HOMESTYLE,0.0,40.0,1.1,0.0,53.0,15.0,1421,10
Vegetable Lo Mein,102070,grain,118.294,255.82,240.0,7.0,6.0,39.0,4.0,0.5,410.0,550.0,6.0,HOMESTYLE,0.0,40.0,2.0,0.0,33.0,20.0,1422,10
White Bean and Swiss Chard Taco,118055,protein,-2.0,201.26,210.0,9.0,5.0,33.0,8.0,1.5,580.0,470.0,3.0,HOMESTYLE,5.0,130.0,2.5,0.0,17.0,0.0,1423,10
"Whole Grain Spaghetti ""Cacio e Pepe""",33225.1,grain,118.294,74.03,100.0,3.0,3.0,15.0,2.0,1.0,90.0,60.0,1.0,HOMESTYLE,5.0,20.0,0.8,0.0,14.0,0.0,1424,10
Yellow Squash with Red Onions,3407,vegetable,118.294,111.28,45.0,1.0,2.0,6.0,1.0,0.0,220.0,0.0,4.0,HOMESTYLE,0.0,20.0,0.5,0.0,18.0,0.0,1425,10
Zen Kung Pao Tofu with Peanuts,120978.11,grain,236.588,269.22,330.0,12.0,16.0,38.0,3.0,2.0,440.0,920.0,19.0,HOMESTYLE,0.0,360.0,6.0,0.0,55.0,45.0,1426,10
Zucchini with Cherry Tomatoes,104007,vegetable,118.294,97.64,25.0,1.0,1.0,3.0,1.0,0.0,250.0,35.0,2.0,HOMESTYLE,0.0,20.0,0.4,0.0,17.0,35.0,1427,10
Barbecue Mushrooms,100715.1,vegetable,59.147,28.35,60.0,1.0,1.5,10.0,1.0,0.0,140.0,290.0,7.0,ROOTED,0.0,10.0,0.2,5.0,0.0,0.0,1428,10
BBQ Carrots,87663,vegetable,118.294,113.4,80.0,2.0,1.5,16.0,4.0,0.0,430.0,210.0,8.0,ROOTED,0.0,50.0,0.8,0.0,8.0,0.0,1429,10
Beyond Meatloaf,130555,protein,354.882,189.74,240.0,26.0,5.0,23.0,3.0,0.0,740.0,1030.0,13.0,ROOTED,0.0,120.0,8.4,0.0,9.0,40.0,1430,10
Charro Beans,41618.7,protein,59.147,141.91,130.0,7.0,1.5,24.0,8.0,0.0,460.0,260.0,1.0,ROOTED,0.0,80.0,3.4,0.0,8.0,0.0,1431,10
Chickpea Bulgur Pilaf & Vegetables,61478,vegetable,-1.0,326.02,240.0,6.0,12.0,33.0,7.0,1.0,730.0,330.0,13.0,ROOTED,0.0,60.0,2.3,5.0,82.0,15.0,1432,10
Coconut Curry Tofu,28061,protein,354.882,166.1,100.0,8.0,6.0,7.0,2.0,2.5,350.0,300.0,3.0,ROOTED,0.0,290.0,4.9,0.0,22.0,15.0,1433,10
Crispy Tofu Bowl,137554.1,protein,-1.0,246.38,230.0,10.0,16.0,15.0,3.0,2.0,350.0,630.0,8.0,ROOTED,5.0,330.0,2.1,0.0,35.0,0.0,1434,10
Ginger Edamame,102558,vegetable,118.294,76.68,120.0,8.0,8.0,7.0,4.0,0.5,310.0,190.0,2.0,ROOTED,0.0,50.0,1.6,0.0,5.0,0.0,1435,10
Gochujang Tofu Rice Bowl,102994.15,protein,-1.0,534.35,610.0,18.0,11.0,111.0,5.0,1.5,460.0,1030.0,22.0,ROOTED,0.0,420.0,10.3,5.0,14.0,5.0,1436,10
Herbed Quinoa,7901,vegetable,177.441,181.43,300.0,10.0,7.0,48.0,5.0,0.5,440.0,240.0,1.0,ROOTED,0.0,50.0,3.5,0.0,8.0,15.0,1437,10
Korean Stir-Fried Spinach,103804,vegetable,354.882,113.4,70.0,3.0,3.0,9.0,2.0,0.0,520.0,340.0,5.0,ROOTED,0.0,90.0,2.3,0.0,25.0,0.0,1438,10
Lemon Broccoli 'Steak',123763,protein,177.441,113.4,260.0,2.0,27.0,5.0,2.0,4.0,230.0,490.0,1.0,ROOTED,0.0,30.0,0.7,0.0,62.0,0.0,1439,10
Mac and No-Cheese,105460,grain,473.176,134.66,160.0,6.0,3.0,27.0,2.0,0.0,80.0,60.0,1.0,ROOTED,0.0,10.0,1.1,0.0,1.0,0.0,1440,10
Mushroom Kale Power Bowl,129921,vegetable,236.588,212.42,170.0,8.0,3.5,30.0,6.0,0.0,550.0,210.0,5.0,ROOTED,0.0,100.0,2.5,10.0,28.0,0.0,1441,10
Pineapple Vegan Taco,105575,vegetable,-1.0,113.4,130.0,3.0,2.5,25.0,3.0,1.0,210.0,170.0,6.0,ROOTED,0.0,60.0,1.4,0.0,28.0,0.0,1442,10
"Plantiful Bowl with Kale, Quinoa",80589.5,vegetable,709.764,425.92,440.0,15.0,13.0,69.0,15.0,1.5,1270.0,500.0,20.0,ROOTED,0.0,470.0,6.0,0.0,163.0,0.0,1443,10
Sauteed Kale,102648,vegetable,118.294,176.27,90.0,5.0,6.0,8.0,7.0,0.5,600.0,460.0,2.0,ROOTED,0.0,440.0,2.8,0.0,159.0,0.0,1444,10
Spiced Tortilla Chips,83803.1,grain,-14.0,68.83,230.0,3.0,14.0,24.0,3.0,1.0,110.0,870.0,0.0,ROOTED,0.0,50.0,0.8,0.0,0.0,0.0,1445,10
"Spinach, Kale and Shallots",103523,vegetable,118.294,142.76,45.0,4.0,0.5,8.0,4.0,0.0,610.0,80.0,2.0,ROOTED,0.0,150.0,2.9,0.0,46.0,0.0,1446,10
Stir Fry Bok Choy,10963,vegetable,236.588,113.4,80.0,2.0,6.0,6.0,1.0,0.5,390.0,860.0,3.0,ROOTED,0.0,80.0,0.7,0.0,35.0,0.0,1447,10
Sweet Po-Taco,123906,protein,-2.0,237.55,360.0,8.0,12.0,55.0,8.0,2.5,520.0,730.0,7.0,ROOTED,0.0,130.0,4.1,0.0,22.0,0.0,1448,10
Thai Basil Tofu,49508.4,protein,118.294,105.87,130.0,9.0,6.0,12.0,2.0,0.5,180.0,320.0,5.0,ROOTED,0.0,330.0,1.5,0.0,27.0,0.0,1449,10
Thai Sweet Potatoes,112154,grain,-1.0,297.67,380.0,11.0,14.0,57.0,11.0,2.0,980.0,820.0,20.0,ROOTED,0.0,160.0,4.0,0.0,35.0,5.0,1450,10
Traditional Beyond and Bean Chili,128118,protein,177.441,215.97,170.0,9.0,9.0,17.0,6.0,2.0,550.0,460.0,6.0,ROOTED,0.0,90.0,3.4,0.0,13.0,70.0,1451,10
Vegan Caribbean Stew,103497.1,vegetable,236.588,231.78,80.0,3.0,1.0,18.0,4.0,0.0,460.0,125.0,8.0,ROOTED,0.0,70.0,1.4,0.0,46.0,25.0,1452,10
Vegan Chicken Nugget,139413,protein,-3.0,63.79,150.0,9.0,7.0,15.0,2.0,1.0,270.0,270.0,1.0,ROOTED,0.0,20.0,1.3,0.0,0.0,0.0,1453,10
Vegan Meatballs,144407,protein,-4.0,113.4,50.0,5.0,2.0,3.0,1.0,0.0,90.0,115.0,0.0,ROOTED,0.0,20.0,0.6,0.0,0.0,0.0,1454,10
Vegan Mushrooms with Pasta,130516,grain,-1.0,381.33,530.0,4.0,10.0,93.0,2.0,0.0,350.0,510.0,12.0,ROOTED,0.0,250.0,7.9,70.0,1.0,90.0,1455,10
Vegan Refried Beans,21775,protein,118.294,62.5,45.0,3.0,0.0,8.0,3.0,0.0,130.0,250.0,0.0,ROOTED,0.0,20.0,0.6,0.0,0.0,0.0,1456,10
Vegetable Medley,1520,vegetable,118.294,91.13,60.0,3.0,0.0,12.0,4.0,0.0,150.0,170.0,3.0,ROOTED,0.0,20.0,0.8,0.0,3.0,0.0,1457,10
Vegetable Pad Thai,48376.8,vegetable,354.882,245.64,360.0,15.0,10.0,56.0,4.0,1.0,460.0,1450.0,14.0,ROOTED,0.0,440.0,7.8,0.0,22.0,35.0,1458,10
Vegetable Spring Roll,5864.7,vegetable,-1.0,28.35,35.0,2.0,0.0,8.0,0.0,0.0,240.0,180.0,1.0,ROOTED,0.0,30.0,0.6,0.0,15.0,60.0,1459,10
Vegetable Tofu Fajita,49762,protein,-1.0,275.61,240.0,11.0,9.0,32.0,4.0,2.5,500.0,510.0,6.0,ROOTED,0.0,280.0,5.3,0.0,72.0,0.0,1460,10
Vegetable Tofu Fajita,49762.1,protein,-1.0,183.74,160.0,7.0,6.0,22.0,2.0,1.5,330.0,340.0,4.0,ROOTED,0.0,190.0,3.5,0.0,48.0,0.0,1461,10
West Indian Style Chana,129148,protein,118.294,181.68,130.0,5.0,6.0,16.0,5.0,1.0,190.0,510.0,4.0,ROOTED,0.0,50.0,2.0,0.0,12.0,5.0,1462,10
