,name,cafeteria_id,category,portion_volume,portion_weight,calories,total_fat,saturated_fat,carbohydrate,sugar,protein,fiber,sodium,potassium,station,cholesterol,calcium,iron,vitamin_d,vitamin_c,vitamin_a,pk,school
0,Berry Berry Kale Smoothie,47130.4,vegetable,354.882,445.73,170,1.5,0.0,41.0,27.0,3.0,6.0,25,660.0,FYUL,0.0,110.0,1.1,0.0,104.0,45.0,1000,10
1,Carrot and Apple Smoothie,47130.6,vegetable,236.588,228.31,100,0,0.0,24.0,17.0,1.0,3.0,45,380.0,FYUL,0.0,30.0,0.4,0.0,39.0,0.0,1001,10
2,Watermelon Chia Smoothie,139032,vegetable,236.588,205.69,110,2,0.0,24.0,19.0,2.0,3.0,0,240.0,FYUL,0.0,50.0,1.0,0.0,16.0,0.0,1002,10
3,Cheese Grits,29729.9,grain,118.294,116.46,90,2.5,1.5,12.0,0.0,3.0,1.0,220,30.0,HOMESTYLE,5.0,50.0,0.5,0.0,0.0,0.0,1003,10
4,Cheesy Tofu Fajita Scramble,129565,protein,118.294,114.01,170,11,1.5,4.0,0.0,17.0,3.0,230,270.0,HOMESTYLE,0.0,640.0,2.8,0.0,7.0,5.0,1004,10
5,Country Ham,5303,protein,78.86266666666666,53.3,70,3,1.0,1.0,1.0,9.0,0.0,630,170.0,HOMESTYLE,30.0,0.0,0.4,15.0,0.0,0.0,1005,10
6,Curried Vegetable Chickpea Hash,105616,grain,118.294,96.02,100,4,0.5,15.0,2.0,4.0,4.0,135,270.0,HOMESTYLE,0.0,50.0,1.6,0.0,20.0,0.0,1006,10
7,"Diced Potato, Pepper, and Onion Hash",43721,grain,236.588,85.05,90,3,2.0,14.0,1.0,1.0,2.0,290,240.0,HOMESTYLE,10.0,10.0,0.3,0.0,8.0,0.0,1007,10
8,French Toast Casserole wtih Chia Seeds,138787,grain,236.588,85.05,400,23,13.0,36.0,21.0,11.0,2.0,850,210.0,HOMESTYLE,235.0,150.0,2.3,80.0,5.0,35.0,1008,10
9,Garlic Roasted Broccoli and Cauliflower,103422,vegetable,118.294,50.82,45,4,0.0,3.0,1.0,1.0,1.0,390,140.0,HOMESTYLE,0.0,20.0,0.3,0.0,31.0,0.0,1009,10
10,Grits,611.3,grain,118.294,137.82,70,0,0.0,15.0,0.0,1.0,1.0,170,30.0,HOMESTYLE,0.0,0.0,0.6,0.0,0.0,0.0,1010,10
11,"Grits, Jalapeno Cheese",3308.1,grain,118.294,161.05,100,1.5,0.5,18.0,1.0,2.0,1.0,330,40.0,HOMESTYLE,5.0,30.0,0.7,0.0,0.0,0.0,1011,10
12,Hashbrown Casserole,139278,grain,236.588,113.4,220,12,7.0,24.0,2.0,6.0,1.0,190,360.0,HOMESTYLE,30.0,130.0,0.6,5.0,11.0,50.0,1012,10
13,Lentil and Cauliflower Scramble with Cheddar,139190,vegetable,118.294,109.61,160,10,3.5,8.0,1.0,10.0,1.0,290,160.0,HOMESTYLE,140.0,110.0,1.4,30.0,8.0,35.0,1013,10
14,Lyonnaise Potatoes,568.7,grain,118.294,107.01,120,4.5,0.0,19.0,2.0,2.0,2.0,125,510.0,HOMESTYLE,0.0,10.0,0.7,0.0,12.0,0.0,1014,10
15,Migas Egg,3652,protein,118.294,98.46,160,11,4.5,4.0,1.0,12.0,0.0,180,130.0,HOMESTYLE,255.0,130.0,1.3,60.0,7.0,70.0,1015,10
16,Mushroom and Cheese Frittata,5457.1,protein,118.294,113.4,180,15,7.0,3.0,2.0,10.0,0.0,180,170.0,HOMESTYLE,170.0,170.0,0.8,35.0,1.0,40.0,1016,10
17,Onions and Peppers,5480.6,vegetable,118.294,117.45,150,13,1.0,7.0,3.0,1.0,2.0,0,170.0,HOMESTYLE,0.0,20.0,0.3,0.0,47.0,0.0,1017,10
18,Pepper and Onion Tofu Scramble,129848,protein,118.294,113.4,130,9,1.0,5.0,2.0,9.0,2.0,85,160.0,HOMESTYLE,0.0,270.0,4.6,0.0,26.0,0.0,1018,10
19,Potato Wedges with Mustard Greens,139321,grain,118.294,85.05,310,12,1.0,49.0,5.0,6.0,5.0,580,960.0,HOMESTYLE,0.0,110.0,1.5,0.0,48.0,0.0,1019,10
20,Potatoes O'Brien,106415,grain,118.294,106.91,100,2.5,0.0,19.0,1.0,2.0,2.0,150,320.0,HOMESTYLE,0.0,10.0,0.3,0.0,12.0,0.0,1020,10
21,Ranch Breakfast Potatoes,139272,grain,118.294,113.4,160,6,0.0,25.0,2.0,2.0,2.0,120,460.0,HOMESTYLE,0.0,10.0,0.5,0.0,15.0,10.0,1021,10
22,Ratatouille,1011,vegetable,118.294,105.24,40,2.5,0.0,5.0,3.0,1.0,2.0,100,230.0,HOMESTYLE,0.0,30.0,0.5,0.0,20.0,30.0,1022,10
23,Roasted Asparagus and Wild Mushrooms,109492,vegetable,118.294,56.7,45,3,0.0,3.0,1.0,2.0,1.0,220,220.0,HOMESTYLE,0.0,20.0,1.2,0.0,3.0,0.0,1023,10
24,Roasted Carrots,103955,vegetable,118.294,128.04,80,3.5,0.0,12.0,6.0,1.0,3.0,180,400.0,HOMESTYLE,0.0,40.0,0.4,0.0,7.0,0.0,1024,10
25,Roasted Cauliflower Florets,68467.1,vegetable,118.294,110.72,30,0,0.0,6.0,2.0,2.0,2.0,1050,330.0,HOMESTYLE,0.0,30.0,0.5,0.0,52.0,0.0,1025,10
26,Sauteed Spinach,8621,vegetable,118.294,97.33,50,3.5,0.0,4.0,1.0,3.0,2.0,230,500.0,HOMESTYLE,0.0,90.0,2.4,0.0,25.0,0.0,1026,10
27,Scrambled Eggs,2032.23,protein,118.294,117.94,200,15,4.0,1.0,0.0,14.0,0.0,160,160.0,HOMESTYLE,420.0,60.0,2.0,90.0,0.0,120.0,1027,10
28,Steamed Broccoli,103333,vegetable,118.294,68.45,25,0,0.0,5.0,1.0,2.0,2.0,140,220.0,HOMESTYLE,0.0,30.0,0.5,0.0,61.0,0.0,1028,10
29,Sweet Potato Puffs,55937,grain,118.294,85.05,130,3.5,0.0,23.0,8.0,1.0,2.0,230,170.0,HOMESTYLE,0.0,10.0,0.5,0.0,4.0,680.0,1029,10
30,Tater Tots,1178.9,grain,118.294,90.72,140,8,1.0,18.0,0.0,1.0,1.0,400,270.0,HOMESTYLE,0.0,0.0,0.0,0.0,0.0,0.0,1030,10
31,Tofu Scramble,105032,protein,118.294,65.09,70,4.5,0.5,2.0,1.0,7.0,1.0,15,150.0,HOMESTYLE,0.0,280.0,1.5,0.0,3.0,0.0,1031,10
32,Tofu Scramble,105032,protein,236.588,130.18,140,9,1.0,5.0,1.0,14.0,3.0,25,300.0,HOMESTYLE,0.0,560.0,3.1,0.0,7.0,0.0,1032,10
33,Vegan Tofu Breakfast Skillet,105904,protein,118.294,121.49,120,6,0.5,15.0,2.0,3.0,2.0,380,330.0,HOMESTYLE,0.0,70.0,1.4,0.0,18.0,0.0,1033,10
34,Blazin Cajun Fries,89624.4,grain,118.294,126.07,220,13,0.5,26.0,0.0,2.0,2.0,190,440.0,FLAME,0.0,10.0,0.7,0.0,0.0,0.0,1034,10
35,Buffalo Macaroni & Cheese,103771.4,grain,236.588,168.02,280,16,9.0,23.0,5.0,11.0,1.0,570,180.0,FLAME,45.0,330.0,1.1,80.0,0.0,0.0,1035,10
36,Curry Fries,42392.8,grain,118.294,245.26,420,33,22.0,31.0,3.0,5.0,2.0,970,690.0,FLAME,0.0,30.0,4.1,0.0,16.0,0.0,1036,10
37,French Fries,765,grain,118.294,98.36,170,10,0.5,19.0,0.0,1.0,1.0,300,290.0,FLAME,0.0,0.0,0.0,0.0,0.0,0.0,1037,10
38,Fried Plantains,29670,vegetable,118.294,19.95,45,2,0.0,8.0,4.0,0.0,1.0,20,90.0,FLAME,0.0,0.0,0.1,0.0,3.0,0.0,1038,10
39,Jerk Waffle Fries,120729,grain,236.588,141.75,330,18,3.0,43.0,6.0,4.0,5.0,4310,400.0,FLAME,0.0,120.0,6.1,0.0,5.0,230.0,1039,10
40,Steak Cut French Fries,768,grain,118.294,98.36,170,10,0.5,18.0,0.0,1.0,1.0,660,290.0,FLAME,0.0,0.0,0.0,0.0,0.0,0.0,1040,10
41,Tater Tots,1178.9,grain,118.294,90.72,140,8,1.0,18.0,0.0,1.0,1.0,400,270.0,FLAME,0.0,0.0,0.0,0.0,0.0,0.0,1041,10
42,Avocado and Grapefruit Salad,4792.1,vegetable,118.294,116.17,150,14,1.5,8.0,4.0,2.0,3.0,290,400.0,FYUL,0.0,40.0,1.0,0.0,25.0,0.0,1042,10
43,BBQ Baked Beans,18314.4,protein,236.588,113.4,140,1,0.0,30.0,17.0,4.0,4.0,430,80.0,FYUL,0.0,40.0,1.3,0.0,1.0,0.0,1043,10
44,Beef Fricassee,6948,protein,473.176,226.68,260,10,2.5,12.0,3.0,27.0,2.0,510,540.0,FYUL,70.0,50.0,2.8,0.0,50.0,0.0,1044,10
45,Black Eyed Pea Salad,106421,vegetable,118.294,156.17,150,0.5,0.0,31.0,15.0,5.0,4.0,810,240.0,FYUL,0.0,30.0,1.2,0.0,6.0,5.0,1045,10
46,Broccoli and Mushroom Salad,8081.2,vegetable,118.294,124.81,45,0.5,0.0,8.0,3.0,3.0,2.0,210,380.0,FYUL,0.0,40.0,1.0,5.0,54.0,0.0,1046,10
47,Cajun Chicken,4929,protein,118.294,113.4,210,9,2.5,3.0,1.0,27.0,1.0,490,320.0,FYUL,145.0,20.0,1.6,10.0,1.0,0.0,1047,10
48,Caribbean Beans and Rice,16189.2,grain,118.294,255.9,280,6,0.5,49.0,4.0,6.0,4.0,440,250.0,FYUL,0.0,40.0,2.8,0.0,20.0,0.0,1048,10
49,Cauliflower Rice Tabouleh,10514.6,grain,118.294,76.29,70,4,0.5,8.0,1.0,2.0,2.0,70,220.0,FYUL,0.0,30.0,1.4,0.0,23.0,5.0,1049,10
50,Charred Tomato and Green Bean Salad,62161,vegetable,118.294,113.4,50,3.5,0.5,4.0,2.0,1.0,1.0,400,140.0,FYUL,0.0,20.0,1.0,0.0,8.0,0.0,1050,10
51,Chickpea Salad,112520,vegetable,118.294,113.4,260,17,2.5,21.0,4.0,7.0,6.0,230,250.0,FYUL,0.0,40.0,2.3,0.0,12.0,5.0,1051,10
52,Citrus Salad,5070.1,vegetable,118.294,114.76,40,0,0.0,9.0,7.0,1.0,1.0,320,290.0,FYUL,0.0,40.0,1.0,0.0,36.0,0.0,1052,10
53,Corn Salad,9285.5,vegetable,118.294,118.69,90,3.5,0.0,14.0,4.0,2.0,2.0,280,250.0,FYUL,0.0,10.0,0.5,0.0,28.0,0.0,1053,10
54,"Cucumber, Tomato & Pepper Salad",35092.3,vegetable,118.294,138.52,100,9,1.5,5.0,3.0,1.0,1.0,60,240.0,FYUL,0.0,20.0,0.4,0.0,18.0,0.0,1054,10
55,Curried Quinoa and Mango Salad,117872,vegetable,118.294,164.82,140,2,0.0,26.0,6.0,5.0,4.0,240,300.0,FYUL,0.0,30.0,1.7,0.0,38.0,30.0,1055,10
56,Espresso Chili Pulled Pork,106632,protein,236.588,177.97,370,20,8.0,4.0,2.0,41.0,1.0,360,550.0,FYUL,150.0,50.0,3.4,70.0,1.0,0.0,1056,10
57,Fragrant Lentil Rice,47223,grain,118.294,91.9,140,3,0.0,23.0,0.0,3.0,2.0,105,90.0,FYUL,0.0,10.0,1.5,0.0,1.0,5.0,1057,10
58,Fresh Steamed Carrots,30398.3,vegetable,118.294,113.68,45,0,0.0,11.0,5.0,1.0,3.0,80,370.0,FYUL,0.0,40.0,0.4,0.0,7.0,0.0,1058,10
59,Garlic Rosemary Pork Loin,4696,protein,118.294,85.05,120,7,3.0,1.0,0.0,16.0,0.0,480,360.0,FYUL,40.0,10.0,0.6,5.0,0.0,0.0,1059,10
60,Garlic Thyme Garbanzo Beans,102554,protein,118.294,73.79,120,2,0.0,20.0,3.0,6.0,6.0,5,220.0,FYUL,0.0,40.0,2.2,0.0,2.0,0.0,1060,10
61,Garlicky Chickpea Salad,1486.9,vegetable,118.294,102.07,140,10,1.0,10.0,2.0,3.0,3.0,80,150.0,FYUL,0.0,30.0,0.9,0.0,11.0,0.0,1061,10
62,Giardiniera Roast Vegetables,119228.1,vegetable,236.588,113.4,45,2,0.0,7.0,3.0,1.0,2.0,210,240.0,FYUL,0.0,20.0,0.4,0.0,45.0,0.0,1062,10
63,Golden Beet Salad,104005,vegetable,118.294,140.13,60,0,0.0,13.0,10.0,2.0,3.0,370,330.0,FYUL,0.0,30.0,0.9,0.0,23.0,0.0,1063,10
64,Grilled Herbed Chicken,16856.47,protein,118.294,85.05,190,7,1.5,0.0,0.0,32.0,0.0,750,360.0,FYUL,110.0,10.0,0.6,0.0,0.0,5.0,1064,10
65,Grilled Vegetables,5294.16,vegetable,118.294,130.15,25,0,0.0,5.0,4.0,2.0,2.0,60,340.0,FYUL,0.0,20.0,0.8,5.0,48.0,10.0,1065,10
66,Italian Beef,33917,protein,118.294,85.05,150,6,2.5,1.0,0.0,21.0,0.0,45,220.0,FYUL,55.0,10.0,2.0,5.0,2.0,10.0,1066,10
67,Jerk Turkey,80005.2,protein,118.294,85.05,110,4,0.5,3.0,2.0,17.0,0.0,150,190.0,FYUL,45.0,20.0,0.5,5.0,1.0,5.0,1067,10
68,Kachumber Salad,120503,vegetable,118.294,100.56,35,0,0.0,8.0,6.0,1.0,1.0,760,170.0,FYUL,0.0,20.0,0.4,0.0,6.0,5.0,1068,10
69,Lentil and Scallion Salad,55837.1,vegetable,118.294,129.22,180,4,0.5,24.0,2.0,12.0,9.0,220,470.0,FYUL,5.0,30.0,4.0,0.0,3.0,10.0,1069,10
70,Mediterranean Chopped Salad,10664.6,vegetable,118.294,96.18,35,2.5,0.0,4.0,2.0,1.0,1.0,30,170.0,FYUL,0.0,10.0,0.3,0.0,17.0,5.0,1070,10
71,Moroccan Chickpea Salad,35831.1,vegetable,118.294,91.05,90,1.5,0.0,16.0,5.0,4.0,4.0,135,230.0,FYUL,0.0,40.0,1.8,0.0,31.0,0.0,1071,10
72,Peppercorn Roast Beef,967.1,protein,118.294,85.05,150,6,2.5,0.0,0.0,22.0,0.0,30,210.0,FYUL,60.0,0.0,2.0,5.0,0.0,0.0,1072,10
73,Pickled Snap Pea,117998,vegetable,473.0,730.44,270,5,0.0,46.0,34.0,9.0,7.0,7010,650.0,FYUL,0.0,170.0,6.3,0.0,121.0,0.0,1073,10
74,Pineapple Rice,23896.3,grain,118.294,118.37,120,1,0.0,25.0,1.0,2.0,1.0,0,90.0,FYUL,0.0,10.0,0.4,0.0,1.0,0.0,1074,10
75,Puerto Rican Beef Sancocho,119131.3,protein,946.352,430.84,250,6,1.5,33.0,7.0,16.0,3.0,640,660.0,FYUL,35.0,50.0,1.5,0.0,30.0,10.0,1075,10
76,Quinoa and Corn Salad,103446.3,vegetable,118.294,147.95,110,1.5,0.0,21.0,2.0,4.0,3.0,130,250.0,FYUL,0.0,20.0,1.2,0.0,5.0,15.0,1076,10
77,Radish Jicama Cucumber Salad,45934,vegetable,118.294,110.12,40,2,0.0,6.0,2.0,1.0,3.0,60,190.0,FYUL,0.0,20.0,0.7,0.0,13.0,5.0,1077,10
78,Ratatouille with Cannellini Beans,103274.1,protein,236.588,128.05,90,4,0.5,12.0,3.0,3.0,4.0,55,330.0,FYUL,0.0,30.0,1.1,0.0,18.0,0.0,1078,10
79,Roasted Carrots with Cumin & Mint,22663.6,vegetable,118.294,112.54,70,2,0.0,12.0,7.0,1.0,3.0,70,350.0,FYUL,0.0,40.0,0.7,0.0,8.0,0.0,1079,10
80,Roasted Cauliflower,102530,vegetable,118.294,114.46,30,0,0.0,6.0,2.0,2.0,2.0,220,340.0,FYUL,0.0,30.0,0.5,0.0,55.0,0.0,1080,10
81,Roasted Corn,102289,vegetable,118.294,126.47,110,3,0.0,20.0,4.0,3.0,3.0,750,300.0,FYUL,0.0,30.0,1.4,0.0,25.0,10.0,1081,10
82,Roasted Fennel Salad,35016.1,vegetable,118.294,69.78,40,2.5,0.0,4.0,2.0,1.0,1.0,70,250.0,FYUL,0.0,20.0,0.4,0.0,7.0,0.0,1082,10
83,Roasted Parsnips,110645,vegetable,118.294,95.27,90,2.5,0.0,16.0,4.0,1.0,3.0,240,340.0,FYUL,0.0,40.0,0.6,0.0,12.0,0.0,1083,10
84,Roasted Portobello Mushrooms,59008.1,vegetable,118.294,151.16,90,7,0.5,6.0,4.0,3.0,2.0,710,530.0,FYUL,0.0,10.0,0.5,15.0,0.0,0.0,1084,10
85,Roasted Red Potatoes,103800,grain,118.294,113.4,120,3,0.0,22.0,2.0,3.0,2.0,190,600.0,FYUL,0.0,10.0,0.8,0.0,14.0,0.0,1085,10
86,Roasted Sweet Potato Salad,84439,vegetable,118.294,120.45,110,3.5,0.0,18.0,6.0,2.0,3.0,490,280.0,FYUL,0.0,40.0,1.0,0.0,31.0,25.0,1086,10
87,Roasted Sweet Potatoes,103522,grain,118.294,123.18,170,8,0.5,24.0,7.0,2.0,4.0,70,550.0,FYUL,0.0,50.0,0.9,0.0,24.0,0.0,1087,10
88,Roasted Vegetable Medley,103816,vegetable,118.294,218.06,50,0.5,0.0,11.0,6.0,3.0,3.0,190,580.0,FYUL,0.0,60.0,1.0,0.0,60.0,30.0,1088,10
89,Roasted Vegetable Salad,17727.2,vegetable,118.294,56.51,15,0,0.0,3.0,2.0,1.0,1.0,95,110.0,FYUL,0.0,10.0,0.3,0.0,10.0,0.0,1089,10
90,Shaved Brussels Salad,95402,vegetable,118.294,53.85,60,6,1.0,3.0,1.0,1.0,1.0,200,150.0,FYUL,0.0,20.0,0.6,0.0,29.0,0.0,1090,10
91,"Spinach, Kale and Shallots",103523,vegetable,118.294,142.76,45,0.5,0.0,8.0,2.0,4.0,4.0,80,610.0,FYUL,0.0,150.0,2.9,0.0,46.0,0.0,1091,10
92,Steamed Broccoli and Cauliflower,102775,vegetable,118.294,120.36,90,7,0.5,7.0,2.0,3.0,3.0,95,350.0,FYUL,0.0,40.0,0.7,0.0,78.0,0.0,1092,10
93,Steamed Rice,28232,grain,118.294,92.5,100,0,0.0,22.0,0.0,2.0,0.0,0,50.0,FYUL,0.0,20.0,0.9,0.0,0.0,0.0,1093,10
94,Tomato Braised Beef,57449.1,protein,118.294,85.05,130,10,3.5,5.0,2.0,8.0,1.0,210,250.0,FYUL,0.0,0.0,0.0,0.0,0.0,0.0,1094,10
95,Tomato Olive Salad,32332.1,vegetable,59.147,54.38,70,7,0.5,2.0,1.0,1.0,1.0,220,100.0,FYUL,0.0,20.0,0.4,0.0,7.0,0.0,1095,10
96,Vegetable Garden Salad,102330.1,vegetable,118.294,52.83,30,2,0.0,3.0,1.0,1.0,1.0,25,120.0,FYUL,0.0,10.0,0.2,0.0,14.0,0.0,1096,10
97,Vegetarian Collard Greens,103139,vegetable,118.294,152.68,90,3,0.0,13.0,6.0,4.0,5.0,390,280.0,FYUL,0.0,270.0,0.7,0.0,41.0,0.0,1097,10
98,White Bean and Kale Salad,35089,vegetable,118.294,141.4,160,6,0.5,19.0,1.0,8.0,7.0,320,480.0,FYUL,0.0,170.0,2.4,0.0,42.0,0.0,1098,10
99,Antipasto,4746,grain,118.294,106.63,60,3.5,0.5,7.0,4.0,1.0,2.0,340,230.0,HOMESTYLE,0.0,20.0,0.4,0.0,39.0,10.0,1099,10
100,Baked Zucchini and Tomatoes,102295,vegetable,118.294,113.4,50,2,1.0,8.0,4.0,2.0,2.0,250,300.0,HOMESTYLE,5.0,40.0,1.0,0.0,14.0,15.0,1100,10
101,Balsamic and Red Wine Beets,41844,vegetable,118.294,67.02,40,0,0.0,8.0,6.0,1.0,1.0,220,170.0,HOMESTYLE,0.0,10.0,0.6,0.0,3.0,0.0,1101,10
102,Beef Lasagna,31233.7,protein,236.588,170.1,220,12,5.0,13.0,2.0,16.0,1.0,250,310.0,HOMESTYLE,50.0,210.0,1.7,5.0,7.0,45.0,1102,10
103,Braised Chicken with Smoky Paprika,32588.3,protein,473.176,279.21,290,12,2.0,21.0,5.0,24.0,5.0,320,530.0,HOMESTYLE,95.0,50.0,3.4,5.0,12.0,5.0,1103,10
104,brazilian vegetable feijoada,80411,vegetable,118.294,364.8,270,3.5,0.0,55.0,14.0,9.0,12.0,370,850.0,HOMESTYLE,0.0,110.0,3.7,0.0,65.0,0.0,1104,10
105,Broccoli Rabe,108890,vegetable,236.588,113.4,20,1,0.5,2.0,0.0,2.0,1.0,70,100.0,HOMESTYLE,5.0,60.0,1.0,0.0,10.0,0.0,1105,10
106,Brown Rice and Lentils with Arugula,46092.6,grain,177.441,186.3,290,3.5,0.5,56.0,1.0,10.0,7.0,10,370.0,HOMESTYLE,0.0,20.0,2.8,0.0,2.0,0.0,1106,10
107,"Carrots, Yellow Squash and Snow Peas",4955.4,vegetable,118.294,88.32,60,3.5,0.0,6.0,3.0,1.0,2.0,250,220.0,HOMESTYLE,0.0,30.0,0.5,0.0,15.0,0.0,1107,10
108,Cauliflower and Snow Peas,4957,vegetable,118.294,78.29,45,2,0.0,5.0,3.0,2.0,2.0,170,190.0,HOMESTYLE,0.0,30.0,1.2,0.0,36.0,15.0,1108,10
109,Chickpea and Date Stew,58730.3,vegetable,236.588,173.11,100,1.5,0.0,21.0,12.0,3.0,5.0,115,380.0,HOMESTYLE,0.0,60.0,1.6,0.0,16.0,70.0,1109,10
110,Chipotle Pinto Beans,102498,protein,118.294,349.97,240,1.5,0.0,45.0,3.0,13.0,14.0,620,820.0,HOMESTYLE,0.0,140.0,4.3,0.0,6.0,0.0,1110,10
111,Cilantro Lime Brown Rice,102526,grain,118.294,177.91,220,1.5,0.0,45.0,0.0,5.0,3.0,10,160.0,HOMESTYLE,0.0,10.0,1.0,0.0,1.0,0.0,1111,10
112,Creamed Spinach,102096.2,vegetable,118.294,158.59,100,6,3.0,9.0,4.0,5.0,2.0,200,520.0,HOMESTYLE,15.0,160.0,2.2,40.0,21.0,0.0,1112,10
113,Creamy Polenta,117005,vegetable,118.294,205.32,210,10,6.0,24.0,0.0,4.0,1.0,470,60.0,HOMESTYLE,30.0,80.0,1.3,0.0,0.0,10.0,1113,10
114,Fontina Polenta with Sauteed Mushrooms,98217,vegetable,473.176,442.85,380,19,8.0,39.0,10.0,17.0,3.0,520,650.0,HOMESTYLE,40.0,320.0,2.3,70.0,6.0,60.0,1114,10
115,Fried Plantains,29670.1,vegetable,118.294,45.81,140,9,0.5,16.0,8.0,1.0,1.0,0,190.0,HOMESTYLE,0.0,0.0,0.5,0.0,6.0,0.0,1115,10
116,Fried Plantains,126854.1,vegetable,118.294,61.57,130,4.5,0.0,24.0,12.0,1.0,1.0,150,270.0,HOMESTYLE,0.0,0.0,0.2,0.0,9.0,100.0,1116,10
117,Grilled Green Beans,138462,protein,118.294,113.4,60,0.5,0.0,14.0,5.0,3.0,4.0,120,190.0,HOMESTYLE,0.0,60.0,1.0,0.0,11.0,0.0,1117,10
118,Harissa Grilled Chicken Breast,123292,protein,236.588,113.4,210,9,2.0,1.0,0.0,32.0,0.0,770,370.0,HOMESTYLE,110.0,10.0,0.6,0.0,2.0,5.0,1118,10
119,Harissa Roasted Cauliflower,103917.2,vegetable,118.294,122.08,70,4.5,0.0,8.0,3.0,3.0,3.0,115,400.0,HOMESTYLE,0.0,30.0,0.8,0.0,56.0,0.0,1119,10
120,Hashbrown Casserole,139278,grain,236.588,113.4,220,12,7.0,24.0,2.0,6.0,1.0,190,360.0,HOMESTYLE,30.0,130.0,0.6,5.0,11.0,50.0,1120,10
121,Jasmine Rice,101498,grain,118.294,95.67,140,3,0.0,26.0,0.0,2.0,1.0,95,30.0,HOMESTYLE,0.0,0.0,1.4,0.0,0.0,0.0,1121,10
122,Jollof Rice,105425,grain,118.294,275.52,220,3,0.0,45.0,5.0,5.0,4.0,220,340.0,HOMESTYLE,0.0,70.0,2.5,0.0,82.0,50.0,1122,10
123,Lemon Couscous,28951,vegetable,118.294,138.64,190,0,0.0,40.0,1.0,6.0,3.0,320,110.0,HOMESTYLE,0.0,20.0,0.6,0.0,5.0,0.0,1123,10
124,Lemon Rosemary Chicken Thigh,16856.71,protein,236.588,113.4,160,7,2.0,0.0,0.0,21.0,0.0,115,230.0,HOMESTYLE,115.0,10.0,1.0,5.0,0.0,0.0,1124,10
125,Lo Mein Noodles with Vegetables,5401.9,grain,118.294,53.6,110,1.5,0.0,20.0,1.0,3.0,1.0,230,60.0,HOMESTYLE,0.0,10.0,0.4,0.0,3.0,0.0,1125,10
126,Meatballs in Marinara,129192.4,protein,473.176,269.32,230,9,3.0,27.0,5.0,11.0,4.0,420,380.0,HOMESTYLE,20.0,60.0,2.9,0.0,16.0,120.0,1126,10
127,Meatloaf,19368.53,protein,354.882,145.38,290,12,4.5,28.0,20.0,18.0,1.0,820,400.0,HOMESTYLE,55.0,50.0,2.4,0.0,4.0,0.0,1127,10
128,Mediterranean Wheat Couscous,8248,grain,118.294,109.22,80,2.5,0.0,13.0,1.0,2.0,2.0,160,90.0,HOMESTYLE,0.0,10.0,0.2,0.0,17.0,15.0,1128,10
129,Mongolian Beef,10895.16,protein,236.588,286.55,450,28,4.5,21.0,8.0,27.0,3.0,590,700.0,HOMESTYLE,65.0,60.0,2.5,0.0,55.0,0.0,1129,10
130,Parmesan Cauliflower,102199,vegetable,118.294,177.25,270,21,13.0,17.0,3.0,6.0,3.0,560,410.0,HOMESTYLE,55.0,80.0,1.2,0.0,61.0,110.0,1130,10
131,Parmesan Roasted Carrots,4489.5,vegetable,118.294,88.95,80,4.5,3.0,9.0,4.0,2.0,2.0,140,270.0,HOMESTYLE,10.0,50.0,0.3,0.0,5.0,0.0,1131,10
132,Penne Pasta,12946.2,grain,236.588,113.4,180,1,0.0,35.0,1.0,7.0,2.0,0,50.0,HOMESTYLE,0.0,10.0,1.5,0.0,0.0,0.0,1132,10
133,Pigeon Peas & Brown Rice,103697,grain,118.294,183.92,150,3.5,0.5,25.0,1.0,4.0,2.0,230,130.0,HOMESTYLE,5.0,10.0,0.7,0.0,8.0,5.0,1133,10
134,Portobello and White Bean Ragout,103494,protein,236.588,219.52,150,6,0.5,20.0,4.0,7.0,8.0,160,650.0,HOMESTYLE,0.0,120.0,2.5,5.0,30.0,70.0,1134,10
135,Roast Pork Loin,25091.8,protein,118.294,54.2,80,4.5,2.0,0.0,0.0,10.0,0.0,210,230.0,HOMESTYLE,25.0,0.0,0.3,5.0,0.0,0.0,1135,10
136,Roasted Corn,102289,vegetable,118.294,126.47,110,3,0.0,20.0,4.0,3.0,3.0,750,300.0,HOMESTYLE,0.0,30.0,1.4,0.0,25.0,10.0,1136,10
137,Roasted Vegetable Medley,103816,vegetable,118.294,218.06,50,0.5,0.0,11.0,6.0,3.0,3.0,190,580.0,HOMESTYLE,0.0,60.0,1.0,0.0,60.0,30.0,1137,10
138,Roasted Yellow Squash,8060.6,vegetable,118.294,93.35,40,2.5,0.0,4.0,3.0,1.0,1.0,0,200.0,HOMESTYLE,0.0,20.0,0.4,0.0,18.0,0.0,1138,10
139,Sausage Breakfast Totchos,139524,protein,709.764,340.19,700,52,17.0,40.0,5.0,16.0,3.0,2700,540.0,HOMESTYLE,230.0,150.0,1.5,40.0,3.0,70.0,1139,10
140,Sauteed Mushrooms,102288,vegetable,236.588,113.4,70,6,0.0,4.0,2.0,3.0,1.0,190,300.0,HOMESTYLE,0.0,10.0,0.5,5.0,2.0,0.0,1140,10
141,Sauteed Spinach,8621,vegetable,118.294,97.33,50,3.5,0.0,4.0,1.0,3.0,2.0,230,500.0,HOMESTYLE,0.0,90.0,2.4,0.0,25.0,0.0,1141,10
142,Scallion Potatoes,8965,grain,118.294,128.75,160,9,5.0,20.0,2.0,2.0,2.0,300,360.0,HOMESTYLE,25.0,40.0,0.5,5.0,9.0,30.0,1142,10
143,Shrimp Piri Piri,51287.3,protein,236.588,113.4,160,7,0.5,1.0,0.0,24.0,0.0,320,290.0,HOMESTYLE,190.0,70.0,0.7,0.0,2.0,0.0,1143,10
144,Spicy Braised Greens,123072,vegetable,118.294,76.4,30,1.5,0.0,3.0,1.0,1.0,2.0,55,130.0,HOMESTYLE,0.0,100.0,0.4,0.0,27.0,0.0,1144,10
145,Spinach Mozzarella Ravioli,39732.7,vegetable,236.588,141.75,210,6,3.0,30.0,3.0,7.0,3.0,260,160.0,HOMESTYLE,15.0,40.0,4.7,5.0,4.0,20.0,1145,10
146,Sriracha Sesame Bok Choy,123728,vegetable,236.588,113.4,25,2,0.0,2.0,1.0,1.0,1.0,150,220.0,HOMESTYLE,0.0,90.0,0.7,0.0,38.0,0.0,1146,10
147,Steamed Broccoli and Cauliflower,102775,vegetable,118.294,120.36,90,7,0.5,7.0,2.0,3.0,3.0,95,350.0,HOMESTYLE,0.0,40.0,0.7,0.0,78.0,0.0,1147,10
148,Steamed Corn Kernels,1120.3,vegetable,118.294,92.9,90,3,0.0,18.0,3.0,2.0,2.0,0,210.0,HOMESTYLE,0.0,0.0,0.4,0.0,3.0,0.0,1148,10
149,Steamed Green Beans,102964,grain,118.294,97.13,80,6,0.0,7.0,3.0,2.0,3.0,370,130.0,HOMESTYLE,0.0,40.0,0.6,0.0,9.0,0.0,1149,10
150,Thai Basil Tofu,49508,protein,177.441,159.08,190,9,1.0,18.0,8.0,13.0,3.0,470,270.0,HOMESTYLE,0.0,490.0,2.2,0.0,41.0,0.0,1150,10
151,Tuscan White Bean Stew,32393.1,protein,236.588,391.9,320,15,2.0,37.0,4.0,9.0,9.0,330,580.0,HOMESTYLE,0.0,170.0,3.6,0.0,28.0,15.0,1151,10
152,Vegan Mashed Sweet Potatoes,128686,grain,118.294,128.79,120,0,0.0,27.0,10.0,3.0,4.0,150,560.0,HOMESTYLE,0.0,50.0,0.9,0.0,22.0,0.0,1152,10
153,Warm Quinoa and Corn Salad,103446.1,vegetable,118.294,247.92,170,2,0.0,33.0,3.0,6.0,5.0,200,450.0,HOMESTYLE,0.0,50.0,2.1,0.0,12.0,70.0,1153,10
154,Black Barley Cilantro Tabouleh,24210.1,vegetable,118.294,113.65,110,2,0.0,19.0,1.0,3.0,5.0,55,180.0,ROOTED,0.0,20.0,1.0,0.0,4.0,0.0,1154,10
155,Blanched Lemon Spinach,101971,vegetable,118.294,48.35,10,0,0.0,2.0,0.0,1.0,1.0,220,260.0,ROOTED,0.0,50.0,1.3,0.0,16.0,0.0,1155,10
156,Cajun Lentil Stew,103377.1,vegetable,473.176,128.18,110,3.5,0.0,16.0,5.0,5.0,5.0,300,390.0,ROOTED,0.0,20.0,2.3,0.0,10.0,20.0,1156,10
157,Chipotle Pinto Beans,102498,protein,118.294,349.97,240,1.5,0.0,45.0,3.0,13.0,14.0,620,820.0,ROOTED,0.0,140.0,4.3,0.0,6.0,0.0,1157,10
158,Chorizo Tofu,76164.2,protein,236.588,113.4,110,7,1.0,5.0,1.0,10.0,2.0,510,240.0,ROOTED,0.0,430.0,7.7,0.0,1.0,0.0,1158,10
159,Cilantro Lime Brown Rice,102526,grain,118.294,177.91,220,1.5,0.0,45.0,0.0,5.0,3.0,10,160.0,ROOTED,0.0,10.0,1.0,0.0,1.0,0.0,1159,10
160,Creamy Polenta,117005,vegetable,118.294,205.32,210,10,6.0,24.0,0.0,4.0,1.0,470,60.0,ROOTED,30.0,80.0,1.3,0.0,0.0,10.0,1160,10
161,Curried Cauliflower & Chickpeas,123375,vegetable,473.176,170.1,120,2.5,0.0,20.0,6.0,6.0,6.0,190,450.0,ROOTED,0.0,50.0,2.1,0.0,59.0,10.0,1161,10
162,Edamame,60967.2,vegetable,59.147,57.0,70,3,0.0,5.0,1.0,7.0,3.0,120,250.0,ROOTED,0.0,40.0,1.3,0.0,3.0,0.0,1162,10
163,Everything Fried Tofu,129401,protein,118.294,56.7,200,12,1.5,17.0,1.0,7.0,1.0,620,130.0,ROOTED,0.0,250.0,3.9,0.0,1.0,0.0,1163,10
164,Fried Wonton Strips,10820.1,grain,59.147,28.35,80,0,0.0,16.0,0.0,3.0,1.0,160,20.0,ROOTED,5.0,10.0,1.0,0.0,0.0,0.0,1164,10
165,Grilled Carrots with Harissa Seasoning,138566,vegetable,236.588,124.74,70,3,0.0,10.0,5.0,1.0,4.0,1080,290.0,ROOTED,0.0,40.0,1.2,0.0,3.0,0.0,1165,10
166,Kimchi,118394,vegetable,118.294,63.53,20,1,0.0,3.0,2.0,1.0,1.0,490,150.0,ROOTED,0.0,50.0,0.4,0.0,23.0,5.0,1166,10
167,Lemon Roasted Broccoli,123763.2,vegetable,236.588,113.4,280,27,4.0,8.0,2.0,3.0,3.0,500,370.0,ROOTED,0.0,60.0,1.0,0.0,102.0,0.0,1167,10
168,Lentil Dal with Coconut,22087.1,vegetable,118.294,154.61,160,7,0.5,19.0,2.0,7.0,4.0,170,190.0,ROOTED,0.0,40.0,5.0,0.0,4.0,15.0,1168,10
169,"Lentils with Kale, Mushrooms & Farro",24580.4,vegetable,118.294,125.52,140,3,0.0,23.0,1.0,6.0,3.0,210,160.0,ROOTED,0.0,60.0,1.6,5.0,13.0,0.0,1169,10
170,Marinara Sauce,103930,0,118.294,113.4,30,1,0.0,5.0,3.0,1.0,2.0,190,240.0,ROOTED,0.0,20.0,0.9,0.0,10.0,80.0,1170,10
171,Marinara Sauce,103930,0,118.294,113.4,30,1,0.0,5.0,3.0,1.0,2.0,190,240.0,ROOTED,0.0,30.0,1.1,0.0,13.0,100.0,1171,10
172,Meatless Meatloaf,23414.3,protein,473.176,235.47,240,13,4.0,17.0,6.0,15.0,4.0,410,600.0,ROOTED,0.0,100.0,4.0,0.0,16.0,20.0,1172,10
173,Penne with Marinara,2402.13,grain,473.176,344.7,180,4.5,0.0,30.0,10.0,8.0,9.0,160,790.0,ROOTED,0.0,110.0,3.3,0.0,51.0,170.0,1173,10
174,Portobello and White Bean Ragout,54590,protein,236.588,221.85,150,6,0.0,21.0,4.0,7.0,8.0,140,660.0,ROOTED,0.0,120.0,2.6,5.0,30.0,70.0,1174,10
175,Potatoes with Pesto,8968.5,grain,118.294,101.41,120,4.5,0.5,19.0,1.0,2.0,2.0,65,340.0,ROOTED,0.0,30.0,0.4,0.0,12.0,25.0,1175,10
176,"Red Curry, Sunflower Seed Sauce",24468.9,0,29.5735,25.53,50,3,0.0,5.0,3.0,1.0,0.0,210,90.0,ROOTED,0.0,10.0,0.3,0.0,1.0,50.0,1176,10
177,Roasted Eggplant,103399,vegetable,118.294,94.92,60,4.5,0.0,5.0,3.0,1.0,3.0,25,210.0,ROOTED,0.0,10.0,0.2,0.0,2.0,0.0,1177,10
178,Sauteed Kale,102648,vegetable,118.294,176.27,90,6,0.5,8.0,2.0,5.0,7.0,460,600.0,ROOTED,0.0,440.0,2.8,0.0,159.0,0.0,1178,10
179,Sautéed Spinach and Onion,8621.22,vegetable,118.294,113.4,70,5,0.0,5.0,1.0,3.0,3.0,320,660.0,ROOTED,0.0,120.0,3.2,0.0,33.0,15.0,1179,10
180,Seared Orange Sriracha Tofu,103647,protein,354.882,170.1,380,17,2.0,42.0,23.0,19.0,5.0,870,930.0,ROOTED,0.0,670.0,10.8,10.0,108.0,70.0,1180,10
181,Vegan Parmesan,140061,protein,29.5732,17.16,80,6,0.5,3.0,0.0,6.0,2.0,85,150.0,ROOTED,0.0,10.0,1.2,0.0,0.0,0.0,1181,10
182,Vegan Tofu Fried Rice,22160,grain,473.176,226.8,240,5,1.0,39.0,2.0,9.0,3.0,500,300.0,ROOTED,0.0,160.0,3.5,0.0,4.0,60.0,1182,10
183,Zucchini with Cherry Tomatoes,104007,vegetable,118.294,97.64,25,1,0.0,3.0,2.0,1.0,1.0,35,250.0,ROOTED,0.0,20.0,0.4,0.0,17.0,35.0,1183,10
184,Bayou Baked Beans,45858,protein,236.588,113.4,110,2,0.5,20.0,13.0,4.0,3.0,460,280.0,FLAME,5.0,30.0,0.9,0.0,6.0,30.0,1184,10
185,Grilled Vegetables,5294.1,vegetable,118.294,121.79,45,2.5,0.0,5.0,3.0,2.0,2.0,60,310.0,FLAME,0.0,0.0,0.0,0.0,0.0,0.0,1185,10
186,Lentil Sloppy Joe Filling,129137,protein,118.294,272.95,160,2.5,0.0,27.0,4.0,9.0,5.0,480,440.0,FLAME,0.0,30.0,2.9,0.0,8.0,30.0,1186,10
187,Potato Wedges,8414.39,grain,315.4506666666666,113.4,250,14,1.5,28.0,0.0,3.0,3.0,200,320.0,FLAME,5.0,0.0,0.5,0.0,0.0,0.0,1187,10
188,Potato Wedges,8414.39,grain,236.588,85.05,190,11,1.0,21.0,0.0,2.0,2.0,150,240.0,FLAME,5.0,0.0,0.4,0.0,0.0,0.0,1188,10
189,Pulled BBQ Chicken,114398,protein,118.294,84.2,100,2.5,1.0,2.0,2.0,18.0,0.0,200,220.0,FLAME,65.0,10.0,0.3,0.0,3.0,5.0,1189,10
190,Roasted Sweet Potatoes,103749,grain,118.294,123.51,180,9,0.5,24.0,7.0,2.0,4.0,70,550.0,FLAME,0.0,50.0,0.9,0.0,24.0,0.0,1190,10
191,Signature Mac & Cheese,103771,grain,118.294,76.82,140,10,6.0,8.0,3.0,5.0,0.0,310,90.0,FLAME,30.0,160.0,0.4,45.0,0.0,0.0,1191,10
192,Yucca con Mojo,22637,vegetable,118.294,107.71,130,3.5,0.0,26.0,2.0,2.0,2.0,115,230.0,FLAME,0.0,40.0,0.5,0.0,21.0,0.0,1192,10
193,Avocado and Grapefruit Salad,4792.1,vegetable,118.294,116.17,150,14,1.5,8.0,4.0,2.0,3.0,290,400.0,FYUL,0.0,40.0,1.0,0.0,25.0,0.0,1193,10
194,Avoiding Gluten Barilla Penne,50923.1,grain,118.294,45.36,70,0,0.0,16.0,0.0,1.0,0.0,0,0.0,FYUL,0.0,0.0,0.0,0.0,0.0,0.0,1194,10
195,Baharat Chicken Thigh,95398,protein,236.588,113.4,240,13,3.0,2.0,0.0,27.0,1.0,490,340.0,FYUL,145.0,30.0,1.9,10.0,0.0,0.0,1195,10
196,Baja Slaw with Mango,83792.1,vegetable,118.294,124.29,45,0,0.0,13.0,6.0,1.0,3.0,480,200.0,FYUL,0.0,40.0,0.7,0.0,53.0,0.0,1196,10
197,Baked Chicken,103954,protein,236.588,113.4,290,18,4.5,0.0,0.0,30.0,0.0,270,250.0,FYUL,95.0,20.0,1.4,0.0,0.0,0.0,1197,10
198,Balsamic Glazed Pork,33569.5,protein,236.588,140.98,260,19,5.0,2.0,2.0,22.0,0.0,520,510.0,FYUL,60.0,10.0,0.9,10.0,0.0,0.0,1198,10
199,Black Eyed Pea Salad,106421,vegetable,118.294,156.17,150,0.5,0.0,31.0,15.0,5.0,4.0,810,240.0,FYUL,0.0,30.0,1.2,0.0,6.0,5.0,1199,10
200,Broccoli and Mushroom Salad,8081.2,vegetable,118.294,124.81,45,0.5,0.0,8.0,3.0,3.0,2.0,210,380.0,FYUL,0.0,40.0,1.0,5.0,54.0,0.0,1200,10
201,Cajun Turkey Breast,138735,protein,236.588,85.05,110,3.5,1.0,5.0,3.0,17.0,1.0,1620,60.0,FYUL,50.0,30.0,1.5,0.0,0.0,15.0,1201,10
202,Cauliflower Rice Tabouleh,10514.6,grain,118.294,76.29,70,4,0.5,8.0,1.0,2.0,2.0,70,220.0,FYUL,0.0,30.0,1.4,0.0,23.0,5.0,1202,10
203,Charred Tomato and Green Bean Salad,62161,vegetable,118.294,113.4,50,3.5,0.5,4.0,2.0,1.0,1.0,400,140.0,FYUL,0.0,20.0,1.0,0.0,8.0,0.0,1203,10
204,Chicken Ratatouille,103998,protein,118.294,571.05,260,8,1.5,24.0,14.0,30.0,9.0,170,1360.0,FYUL,85.0,90.0,2.4,5.0,64.0,100.0,1204,10
205,Chopped Kale Salad with Beets,102405,vegetable,236.588,167.99,160,13,2.0,9.0,5.0,2.0,3.0,60,390.0,FYUL,0.0,110.0,1.2,0.0,42.0,0.0,1205,10
206,Cilantro Lime Brown Rice,102526,grain,118.294,177.91,220,1.5,0.0,45.0,0.0,5.0,3.0,10,160.0,FYUL,0.0,10.0,1.0,0.0,1.0,0.0,1206,10
207,Cilantro Rice,103448,grain,118.294,172.78,180,4,0.0,32.0,1.0,3.0,2.0,135,170.0,FYUL,0.0,20.0,0.6,0.0,4.0,0.0,1207,10
208,Citrus Salad,5070.1,vegetable,118.294,114.76,40,0,0.0,9.0,7.0,1.0,1.0,320,290.0,FYUL,0.0,40.0,1.0,0.0,36.0,0.0,1208,10
209,Cooked Tri Colored Quinoa,78758,vegetable,118.294,80.09,100,1,0.0,19.0,2.0,3.0,2.0,0,160.0,FYUL,0.0,10.0,1.2,0.0,0.0,0.0,1209,10
210,Corn Salad,9285.5,vegetable,118.294,118.69,90,3.5,0.0,14.0,4.0,2.0,2.0,280,250.0,FYUL,0.0,10.0,0.5,0.0,28.0,0.0,1210,10
211,"Cucumber, Tomato & Pepper Salad",35092.3,vegetable,118.294,138.52,100,9,1.5,5.0,3.0,1.0,1.0,60,240.0,FYUL,0.0,20.0,0.4,0.0,18.0,0.0,1211,10
212,Curried Quinoa and Mango Salad,117872,vegetable,118.294,164.82,140,2,0.0,26.0,6.0,5.0,4.0,240,300.0,FYUL,0.0,30.0,1.7,0.0,38.0,30.0,1212,10
213,Escabeche,45933,protein,118.294,102.62,25,0,0.0,4.0,2.0,1.0,1.0,210,150.0,FYUL,0.0,10.0,0.2,0.0,26.0,0.0,1213,10
214,Fresh Guacamole,15954.16,0,29.5732,25.92,35,3,0.0,2.0,0.0,0.0,1.0,20,110.0,FYUL,0.0,0.0,0.1,0.0,3.0,0.0,1214,10
215,Fresh Orange & Fennel Salad,102505,vegetable,118.294,279.78,120,2,0.0,27.0,18.0,3.0,7.0,55,730.0,FYUL,0.0,110.0,1.0,0.0,85.0,0.0,1215,10
216,Garlicky Chickpea Salad,1486.9,vegetable,118.294,102.07,140,10,1.0,10.0,2.0,3.0,3.0,80,150.0,FYUL,0.0,30.0,0.9,0.0,11.0,0.0,1216,10
217,Grilled Adobo Chicken,27441,protein,118.294,85.05,160,10,2.0,1.0,0.0,17.0,0.0,125,190.0,FYUL,90.0,10.0,0.9,5.0,1.0,0.0,1217,10
218,Grilled Pineapple,105204,vegetable,59.147,31.62,20,0.5,0.0,4.0,3.0,0.0,0.0,115,40.0,FYUL,0.0,0.0,0.1,0.0,15.0,0.0,1218,10
219,Herbed Cauliflower Rice,102055.1,grain,118.294,61.67,35,2.5,0.0,3.0,1.0,1.0,1.0,35,180.0,FYUL,0.0,20.0,0.4,0.0,29.0,0.0,1219,10
220,Honey Glazed Ham,725,protein,236.588,113.4,200,9,0.5,13.0,11.0,17.0,1.0,820,300.0,FYUL,60.0,30.0,1.1,30.0,5.0,0.0,1220,10
221,Italian Rubbed Chicken,2296,protein,118.294,85.05,200,12,3.0,0.0,0.0,23.0,0.0,70,190.0,FYUL,75.0,20.0,1.2,0.0,0.0,0.0,1221,10
222,Jasmine Rice,101498,grain,118.294,95.67,140,3,0.0,26.0,0.0,2.0,1.0,95,30.0,FYUL,0.0,0.0,1.4,0.0,0.0,0.0,1222,10
223,Kachumber Salad,120503,vegetable,118.294,100.56,35,0,0.0,8.0,6.0,1.0,1.0,760,170.0,FYUL,0.0,20.0,0.4,0.0,6.0,5.0,1223,10
224,Lentil and Scallion Salad,55837.1,vegetable,118.294,129.22,180,4,0.5,24.0,2.0,12.0,9.0,220,470.0,FYUL,5.0,30.0,4.0,0.0,3.0,10.0,1224,10
225,Marinated Vegetable Ribbons,63057,vegetable,59.147,27.98,5,0,0.0,1.0,1.0,0.0,0.0,30,70.0,FYUL,0.0,10.0,0.1,0.0,5.0,10.0,1225,10
226,Mediterranean Chopped Salad,10664.6,vegetable,118.294,96.18,35,2.5,0.0,4.0,2.0,1.0,1.0,30,170.0,FYUL,0.0,10.0,0.3,0.0,17.0,5.0,1226,10
227,Moroccan Chickpea Salad,35831.1,vegetable,118.294,91.05,90,1.5,0.0,16.0,5.0,4.0,4.0,135,230.0,FYUL,0.0,40.0,1.8,0.0,31.0,0.0,1227,10
228,Peas and Carrots,2070.6,vegetable,118.294,90.86,60,0,0.0,11.0,4.0,3.0,3.0,100,180.0,FYUL,0.0,30.0,0.9,0.0,8.0,230.0,1228,10
229,Pork Carnitas,102495,protein,118.294,209.35,340,19,7.0,3.0,1.0,37.0,1.0,400,500.0,FYUL,135.0,50.0,3.0,60.0,5.0,0.0,1229,10
230,Quinoa and Corn Salad,103446.3,vegetable,118.294,147.95,110,1.5,0.0,21.0,2.0,4.0,3.0,130,250.0,FYUL,0.0,20.0,1.2,0.0,5.0,15.0,1230,10
231,Quinoa Stuffing,8971,vegetable,118.294,118.22,110,3,0.0,18.0,7.0,3.0,2.0,200,280.0,FYUL,0.0,30.0,1.4,0.0,13.0,30.0,1231,10
232,Roast Beef,5912.12,protein,118.294,85.05,200,8,3.0,1.0,0.0,28.0,0.0,340,280.0,FYUL,75.0,10.0,2.8,5.0,2.0,0.0,1232,10
233,Roasted Broccoli,33992.71,vegetable,118.294,77.86,40,2,0.0,5.0,1.0,2.0,2.0,140,240.0,FYUL,0.0,40.0,0.6,0.0,67.0,0.0,1233,10
234,Roasted Carrots with Cumin & Mint,22663.6,vegetable,118.294,112.54,70,2,0.0,12.0,7.0,1.0,3.0,70,350.0,FYUL,0.0,40.0,0.7,0.0,8.0,0.0,1234,10
235,Roasted Cauliflower Garlic & Vinegar,94796.1,vegetable,236.588,113.4,120,11,1.5,6.0,2.0,2.0,2.0,95,310.0,FYUL,0.0,30.0,0.6,0.0,48.0,0.0,1235,10
236,Roasted Fennel Salad,35016.1,vegetable,709.764,418.7,240,15,1.5,25.0,13.0,6.0,8.0,420,1480.0,FYUL,0.0,150.0,2.5,5.0,41.0,0.0,1236,10
237,Roasted Red Potatoes,103800,grain,236.588,113.4,120,3,0.0,22.0,2.0,3.0,2.0,190,600.0,FYUL,0.0,10.0,0.8,0.0,14.0,0.0,1237,10
238,Roasted Red Potatoes,103800,grain,118.294,117.76,120,3,0.0,22.0,2.0,3.0,2.0,200,620.0,FYUL,0.0,10.0,0.8,0.0,15.0,0.0,1238,10
239,Roasted Sweet Potato Salad,84439,vegetable,118.294,120.45,110,3.5,0.0,18.0,6.0,2.0,3.0,490,280.0,FYUL,0.0,40.0,1.0,0.0,31.0,25.0,1239,10
240,Roasted Sweet Potatoes,103749,grain,118.294,123.51,180,9,0.5,24.0,7.0,2.0,4.0,70,550.0,FYUL,0.0,50.0,0.9,0.0,24.0,0.0,1240,10
241,Roasted Vegetable Mix,74515,vegetable,236.588,113.4,45,2.5,0.0,5.0,3.0,1.0,2.0,470,240.0,FYUL,0.0,20.0,0.4,0.0,41.0,10.0,1241,10
242,Roasted Vegetable Salad,17727.2,vegetable,118.294,56.51,15,0,0.0,3.0,2.0,1.0,1.0,95,110.0,FYUL,0.0,10.0,0.3,0.0,10.0,0.0,1242,10
243,Sautéed Green Beans Onions Tomatoes,102303,vegetable,118.294,113.73,80,6,0.0,8.0,3.0,2.0,3.0,240,160.0,FYUL,0.0,40.0,0.5,0.0,10.0,0.0,1243,10
244,Shredded Iceberg Lettuce,13404,vegetable,59.147,18.0,0,0,0.0,1.0,0.0,0.0,0.0,0,30.0,FYUL,0.0,0.0,0.1,0.0,1.0,0.0,1244,10
245,Smoked Carolina Ribs,105740,protein,118.294,113.4,600,44,16.0,9.0,5.0,42.0,2.0,1470,600.0,FYUL,170.0,100.0,4.3,150.0,0.0,0.0,1245,10
246,Southwest Beef Taco Meat,1529,protein,118.294,85.05,130,8,3.0,3.0,2.0,11.0,1.0,280,270.0,FYUL,35.0,20.0,1.8,0.0,4.0,0.0,1246,10
247,Spanish Rice,999.6,grain,118.294,105.22,110,2.5,0.0,19.0,2.0,2.0,2.0,75,180.0,FYUL,0.0,40.0,1.0,0.0,14.0,50.0,1247,10
248,Steak Fries,40429,grain,236.588,113.4,130,3,0.0,25.0,2.0,2.0,2.0,5,440.0,FYUL,0.0,10.0,0.5,0.0,15.0,0.0,1248,10
249,Steamed Corn Kernels,1120.4,vegetable,118.294,92.76,90,2.5,0.0,18.0,3.0,2.0,2.0,0,210.0,FYUL,0.0,0.0,0.4,0.0,3.0,0.0,1249,10
250,Stewed Pinto Beans with Tomatoes and Onions,104701.2,protein,118.294,104.14,70,1,0.0,12.0,1.0,4.0,4.0,370,230.0,FYUL,0.0,40.0,1.3,0.0,2.0,0.0,1250,10
251,Sweet Potato and Spinach Vindaloo,101976,grain,118.294,176.04,110,3.5,0.0,18.0,5.0,4.0,5.0,120,360.0,FYUL,0.0,70.0,2.2,0.0,18.0,30.0,1251,10
252,Tomato Herb Sauce,10632.5,0,118.294,124.34,70,5,0.0,6.0,3.0,1.0,2.0,105,240.0,FYUL,0.0,30.0,0.7,0.0,18.0,0.0,1252,10
253,Tuscan Vegetable,61318.4,vegetable,118.294,85.05,50,1,0.0,8.0,3.0,2.0,3.0,65,200.0,FYUL,0.0,30.0,0.9,0.0,38.0,15.0,1253,10
254,Vegetable Garden Salad,102330.1,vegetable,118.294,52.83,30,2,0.0,3.0,1.0,1.0,1.0,25,120.0,FYUL,0.0,10.0,0.2,0.0,14.0,0.0,1254,10
255,Whole Baby Carrots,1522.3,vegetable,118.294,91.08,35,0.5,0.0,7.0,4.0,1.0,3.0,190,170.0,FYUL,0.0,30.0,0.5,0.0,2.0,0.0,1255,10
256,Shrimp and Sausage Jambalaya,45381.1,protein,709.764,402.42,440,16,5.0,52.0,3.0,22.0,4.0,640,410.0,HOMESTYLE,105.0,80.0,2.7,0.0,16.0,70.0,1256,10
257,Baked Ziti with Turkey Meat Sauce,3555.17,grain,473.176,226.8,300,11,4.5,32.0,3.0,18.0,3.0,290,270.0,HOMESTYLE,45.0,170.0,2.3,5.0,9.0,60.0,1257,10
258,Basmati Rice with Peas,38405.2,grain,118.294,72.77,100,0,0.0,21.0,1.0,3.0,1.0,65,50.0,HOMESTYLE,0.0,10.0,1.3,0.0,2.0,80.0,1258,10
259,Broccoli Rabe,103495,vegetable,236.588,113.4,25,0.5,0.0,3.0,0.0,4.0,3.0,190,220.0,HOMESTYLE,0.0,120.0,2.4,0.0,23.0,0.0,1259,10
260,Brown Rice,16861.2,grain,118.294,115.74,120,2,0.0,24.0,0.0,2.0,1.0,5,90.0,HOMESTYLE,0.0,10.0,0.4,0.0,0.0,0.0,1260,10
261,Butter Beans with Bacon & Arugula,17949,protein,118.294,121.21,140,1,0.0,24.0,3.0,9.0,7.0,135,670.0,HOMESTYLE,5.0,40.0,2.9,0.0,0.0,0.0,1261,10
262,Caribbean Beans and Rice,16189.2,grain,118.294,255.9,280,6,0.5,49.0,4.0,6.0,4.0,440,250.0,HOMESTYLE,0.0,40.0,2.8,0.0,20.0,0.0,1262,10
263,Carrots and Cauliflower,5859.11,vegetable,118.294,113.4,120,6,0.5,15.0,6.0,4.0,5.0,330,690.0,HOMESTYLE,0.0,60.0,0.9,0.0,81.0,0.0,1263,10
264,Carrots with Ginger,103607,vegetable,118.294,130.79,70,2.5,1.5,13.0,6.0,1.0,3.0,270,390.0,HOMESTYLE,5.0,40.0,0.4,0.0,11.0,5.0,1264,10
265,Chana Dal,106472,vegetable,118.294,139.62,270,10,2.0,37.0,8.0,11.0,7.0,200,190.0,HOMESTYLE,5.0,80.0,3.9,0.0,13.0,0.0,1265,10
266,Charro Beans,108470,protein,118.294,191.13,180,4.5,1.5,23.0,2.0,11.0,6.0,320,590.0,HOMESTYLE,10.0,50.0,1.9,0.0,8.0,0.0,1266,10
267,Cheesy Potato Casserole,38115,grain,118.294,120.95,200,12,7.0,14.0,1.0,8.0,1.0,300,250.0,HOMESTYLE,35.0,220.0,0.1,5.0,4.0,0.0,1267,10
268,"Chili Roasted Chayote, Zucchini",36567,grain,118.294,105.34,40,2,0.0,6.0,3.0,1.0,2.0,65,230.0,HOMESTYLE,0.0,20.0,0.7,0.0,13.0,0.0,1268,10
269,Chipotle Pinto Beans,102498,protein,118.294,349.97,240,1.5,0.0,45.0,3.0,13.0,14.0,620,820.0,HOMESTYLE,0.0,140.0,4.3,0.0,6.0,0.0,1269,10
270,Churrasco Pork,103695,protein,236.588,113.4,280,18,6.0,1.0,0.0,28.0,0.0,150,360.0,HOMESTYLE,105.0,40.0,2.4,45.0,3.0,0.0,1270,10
271,Coconut and Pineapple Rice,106596,grain,236.588,113.4,270,11,9.0,39.0,6.0,5.0,3.0,420,360.0,HOMESTYLE,0.0,70.0,2.2,0.0,10.0,10.0,1271,10
272,Creamed Corn and Scallion Pudding,97644,vegetable,118.294,110.99,140,9,4.5,12.0,4.0,4.0,2.0,550,190.0,HOMESTYLE,85.0,40.0,0.7,15.0,6.0,50.0,1272,10
273,Creole Peas,3587,vegetable,118.294,104.31,80,4,2.0,7.0,3.0,4.0,3.0,230,150.0,HOMESTYLE,25.0,50.0,0.9,5.0,13.0,160.0,1273,10
274,Fried Breaded Okra,518.1,vegetable,236.588,85.05,160,8,0.5,19.0,2.0,3.0,1.0,320,110.0,HOMESTYLE,0.0,40.0,0.9,0.0,3.0,0.0,1274,10
275,Herb Citrus Chicken,84777.26,protein,118.294,85.05,240,15,3.5,1.0,0.0,24.0,0.0,1190,210.0,HOMESTYLE,80.0,20.0,1.2,0.0,2.0,0.0,1275,10
276,Italian Spiced Zucchini,5360.7,vegetable,118.294,96.18,50,3.5,0.5,3.0,2.0,2.0,1.0,85,240.0,HOMESTYLE,5.0,40.0,0.4,0.0,16.0,35.0,1276,10
277,Jerk Tofu Steak with Mango Salsa,103406,protein,354.882,178.82,270,17,2.0,14.0,8.0,20.0,4.0,870,360.0,HOMESTYLE,0.0,800.0,4.3,0.0,27.0,45.0,1277,10
278,Lemon & Parsley Roasted Cauliflower,14455,vegetable,118.294,73.55,70,6,0.0,3.0,1.0,1.0,1.0,135,200.0,HOMESTYLE,0.0,20.0,0.3,0.0,34.0,0.0,1278,10
279,Mashed Potatoes,103326,grain,118.294,138.2,170,8,3.5,24.0,2.0,3.0,2.0,170,400.0,HOMESTYLE,15.0,30.0,0.4,0.0,10.0,0.0,1279,10
280,Meatloaf,142272,protein,236.588,141.75,290,15,6.0,15.0,8.0,22.0,1.0,620,400.0,HOMESTYLE,65.0,100.0,2.8,10.0,22.0,20.0,1280,10
281,Mojo Chicken Thigh with Yucca,138913,protein,236.588,113.4,690,29,4.5,83.0,15.0,25.0,5.0,880,950.0,HOMESTYLE,115.0,80.0,1.8,5.0,42.0,0.0,1281,10
282,Penne Pasta,12946,grain,118.294,56.7,90,0.5,0.0,17.0,0.0,3.0,1.0,75,20.0,HOMESTYLE,0.0,0.0,0.7,0.0,0.0,0.0,1282,10
283,Red Curry Grilled Chicken Breast,117901,protein,236.588,127.88,190,6,1.5,2.0,1.0,32.0,0.0,240,390.0,HOMESTYLE,110.0,10.0,0.7,0.0,10.0,10.0,1283,10
284,Rice and Peas Curry,1514,vegetable,354.882,171.54,190,3.5,0.0,35.0,2.0,4.0,2.0,125,160.0,HOMESTYLE,0.0,50.0,1.8,0.0,9.0,100.0,1284,10
285,Rigatoni Mezzi with Italian Sausage,66723,protein,354.882,170.1,300,18,9.0,25.0,3.0,10.0,2.0,340,240.0,HOMESTYLE,50.0,80.0,1.4,25.0,7.0,0.0,1285,10
286,Roasted Brussels Sprouts,33992.64,vegetable,236.588,155.56,90,4.5,0.5,11.0,3.0,4.0,4.0,220,480.0,HOMESTYLE,0.0,60.0,1.9,0.0,94.0,0.0,1286,10
287,Roasted Cauliflower,102530,vegetable,118.294,114.46,30,0,0.0,6.0,2.0,2.0,2.0,220,340.0,HOMESTYLE,0.0,30.0,0.5,0.0,55.0,0.0,1287,10
288,Roasted Corn,102289,vegetable,118.294,126.47,110,3,0.0,20.0,4.0,3.0,3.0,750,300.0,HOMESTYLE,0.0,30.0,1.4,0.0,25.0,10.0,1288,10
289,Sautéed Green Beans Onions Tomatoes,102303,vegetable,236.588,113.4,80,6,0.0,8.0,3.0,2.0,3.0,230,160.0,HOMESTYLE,0.0,40.0,0.5,0.0,10.0,0.0,1289,10
290,Sauteed Spinach,8621,vegetable,118.294,97.33,50,3.5,0.0,4.0,1.0,3.0,2.0,230,500.0,HOMESTYLE,0.0,90.0,2.4,0.0,25.0,0.0,1290,10
291,Sauteed Squash,103200,vegetable,118.294,139.95,50,3,0.0,5.0,4.0,2.0,1.0,100,330.0,HOMESTYLE,0.0,30.0,0.6,0.0,26.0,25.0,1291,10
292,Sesame Broccoli,102370,vegetable,118.294,104.36,90,7,1.0,7.0,2.0,3.0,3.0,210,340.0,HOMESTYLE,0.0,60.0,0.9,0.0,81.0,0.0,1292,10
293,Sesame Brown Rice,102562,grain,118.294,125.71,130,2.5,0.0,24.0,0.0,3.0,1.0,95,110.0,HOMESTYLE,0.0,10.0,0.6,0.0,0.0,0.0,1293,10
294,Signature Mac & Cheese,103771,grain,118.294,76.82,140,10,6.0,8.0,3.0,5.0,0.0,310,90.0,HOMESTYLE,30.0,160.0,0.4,45.0,0.0,0.0,1294,10
295,Sour Cream,1105,0,29.5732,28.75,60,6,3.0,1.0,1.0,1.0,0.0,10,40.0,HOMESTYLE,15.0,30.0,0.0,0.0,0.0,0.0,1295,10
296,Steamed Broccoli,103333,vegetable,118.294,68.45,25,0,0.0,5.0,1.0,2.0,2.0,140,220.0,HOMESTYLE,0.0,30.0,0.5,0.0,61.0,0.0,1296,10
297,Sweet Potatoes,6938.3,grain,118.294,126.17,150,4.5,2.5,26.0,12.0,3.0,3.0,390,510.0,HOMESTYLE,10.0,60.0,0.7,5.0,20.0,5.0,1297,10
298,Tandoori Chicken Thighs,16856.14,protein,236.588,113.4,190,9,2.5,3.0,1.0,24.0,1.0,130,330.0,HOMESTYLE,125.0,50.0,1.5,5.0,0.0,0.0,1298,10
299,Tofu Curry,13417,protein,354.882,170.1,150,10,4.0,11.0,3.0,8.0,2.0,390,350.0,HOMESTYLE,0.0,300.0,5.2,10.0,5.0,5.0,1299,10
300,Tofu Vegetable Coconut Curry and Rice,102608,protein,118.294,124.34,100,5,1.5,11.0,2.0,4.0,2.0,170,190.0,HOMESTYLE,0.0,100.0,1.8,0.0,5.0,5.0,1300,10
301,Vegetable Lo Mein,102070,grain,118.294,255.82,240,6,0.5,39.0,6.0,7.0,4.0,550,410.0,HOMESTYLE,0.0,40.0,2.0,0.0,33.0,20.0,1301,10
302,Vegetable Medley,103782,vegetable,236.588,113.4,50,2.5,0.0,7.0,3.0,2.0,2.0,125,330.0,HOMESTYLE,0.0,40.0,0.7,0.0,39.0,0.0,1302,10
303,Yellow Squash with Red Onions,3407,vegetable,118.294,111.28,45,2,0.0,6.0,4.0,1.0,1.0,0,220.0,HOMESTYLE,0.0,20.0,0.5,0.0,18.0,0.0,1303,10
304,Basmati Rice with Peas,38405,grain,118.294,75.42,100,0,0.0,21.0,1.0,3.0,1.0,35,50.0,ROOTED,0.0,10.0,1.3,0.0,2.0,80.0,1304,10
305,Beyond Bolognese,127978,protein,118.294,158.18,140,7,1.5,10.0,5.0,10.0,3.0,540,400.0,ROOTED,5.0,90.0,3.8,0.0,11.0,45.0,1305,10
306,Cajun Lentil Stew,103377,vegetable,709.764,286.77,190,5,0.0,27.0,9.0,9.0,9.0,460,770.0,ROOTED,0.0,70.0,4.0,0.0,26.0,110.0,1306,10
307,Charro Beans,41618.7,protein,59.147,141.91,130,1.5,0.0,24.0,1.0,7.0,8.0,260,460.0,ROOTED,0.0,80.0,3.4,0.0,8.0,0.0,1307,10
308,Chickpea and Date Tagine,58730,vegetable,236.588,366.19,430,12,1.5,71.0,20.0,13.0,12.0,370,670.0,ROOTED,0.0,110.0,4.1,0.0,17.0,60.0,1308,10
309,Chorizo Tofu,76164.2,protein,236.588,113.4,110,7,1.0,5.0,1.0,10.0,2.0,510,240.0,ROOTED,0.0,430.0,7.7,0.0,1.0,0.0,1309,10
310,Coconut Red Curry Sauce,65371.3,0,88.7205,64.23,130,12,10.0,6.0,3.0,2.0,0.0,310,100.0,ROOTED,10.0,20.0,1.7,5.0,2.0,420.0,1310,10
311,Crispy Fried Tofu,41001.1,protein,236.588,113.4,110,5,1.0,8.0,1.0,9.0,0.0,600,140.0,ROOTED,0.0,0.0,0.0,0.0,0.0,0.0,1311,10
312,Crispy Tofu Bowl,137554.1,protein,118.294,246.38,230,16,2.0,15.0,8.0,10.0,3.0,630,350.0,ROOTED,5.0,330.0,2.1,0.0,35.0,0.0,1312,10
313,Curry Coconut Mustard Greens,139328,vegetable,118.294,85.05,70,6,2.5,4.0,1.0,2.0,2.0,290,140.0,ROOTED,0.0,80.0,1.0,0.0,17.0,0.0,1313,10
314,Delhi Style Tofu Curry,28963.1,protein,473.176,192.43,220,18,2.0,8.0,2.0,10.0,2.0,300,290.0,ROOTED,0.0,420.0,7.2,0.0,7.0,25.0,1314,10
315,Everything Fried Tofu,129401,protein,236.588,85.05,300,18,2.0,25.0,1.0,10.0,2.0,930,200.0,ROOTED,0.0,380.0,5.9,0.0,1.0,0.0,1315,10
316,Fried Tortilla Strips,106468,grain,29.5732,17.0,50,1.5,0.5,8.0,0.0,1.0,0.0,250,10.0,ROOTED,0.0,20.0,0.0,0.0,0.0,0.0,1316,10
317,Ginger Edamame,102558,vegetable,118.294,76.68,120,8,0.5,7.0,2.0,8.0,4.0,190,310.0,ROOTED,0.0,50.0,1.6,0.0,5.0,0.0,1317,10
318,Ginger-Lemon Tofu with Olives,18287,protein,236.588,113.04,120,9,1.0,6.0,2.0,5.0,1.0,490,170.0,ROOTED,0.0,180.0,3.7,0.0,9.0,0.0,1318,10
319,Green Chile Cauliflower Burrito Bowl,126355.3,grain,473.176,368.54,230,5,0.5,41.0,3.0,7.0,7.0,990,560.0,ROOTED,0.0,60.0,2.2,0.0,51.0,20.0,1319,10
320,Grilled Scallions,105418,vegetable,118.294,56.7,130,13,2.0,4.0,1.0,1.0,1.0,240,130.0,ROOTED,0.0,40.0,0.8,0.0,8.0,80.0,1320,10
321,Herbed Steamed Brown Rice,3634.4,grain,118.294,93.79,110,1,0.0,23.0,0.0,2.0,1.0,0,80.0,ROOTED,0.0,10.0,0.4,0.0,0.0,0.0,1321,10
322,Mediterranean Quinoa Bowl,139037,vegetable,236.588,141.75,270,20,2.5,20.0,1.0,7.0,3.0,440,330.0,ROOTED,0.0,40.0,2.1,0.0,3.0,0.0,1322,10
323,Ratatouille,27123,vegetable,473.176,226.8,110,6,0.5,15.0,7.0,3.0,4.0,1020,520.0,ROOTED,0.0,50.0,1.0,0.0,38.0,0.0,1323,10
324,Red Lentils with Cilantro and Mint,59470,vegetable,118.294,206.87,260,8,0.5,36.0,6.0,14.0,13.0,70,700.0,ROOTED,0.0,70.0,6.4,0.0,16.0,0.0,1324,10
325,Red Rice,106420,grain,118.294,161.61,150,1.5,0.0,31.0,4.0,3.0,2.0,250,270.0,ROOTED,0.0,40.0,1.8,0.0,11.0,45.0,1325,10
326,Roasted Yellow Squash,8060.6,vegetable,118.294,93.35,40,2.5,0.0,4.0,3.0,1.0,1.0,0,200.0,ROOTED,0.0,20.0,0.4,0.0,18.0,0.0,1326,10
327,Rotini Pasta,558.2,grain,236.588,134.0,210,1,0.0,41.0,1.0,8.0,2.0,0,60.0,ROOTED,0.0,10.0,1.7,0.0,0.0,0.0,1327,10
328,Sauteed Kale,102648,vegetable,118.294,176.27,90,6,0.5,8.0,2.0,5.0,7.0,460,600.0,ROOTED,0.0,440.0,2.8,0.0,159.0,0.0,1328,10
329,Sofritas Black Bean Bowl,129963,protein,236.588,310.29,330,15,2.0,35.0,3.0,20.0,10.0,550,630.0,ROOTED,0.0,560.0,3.7,0.0,8.0,0.0,1329,10
330,"Spiced Collard Greens, Tomatoes",35106.7,vegetable,118.294,128.25,50,2.5,0.0,6.0,2.0,2.0,3.0,135,230.0,ROOTED,0.0,110.0,0.7,0.0,22.0,60.0,1330,10
331,Spiced Tomato with Spinach & Turnip,28819,vegetable,236.588,113.4,30,0,0.0,6.0,3.0,1.0,2.0,770,270.0,ROOTED,0.0,50.0,1.0,0.0,15.0,25.0,1331,10
332,Spicy Green Beans,102520,vegetable,118.294,148.39,70,1.5,0.0,15.0,7.0,2.0,4.0,220,210.0,ROOTED,0.0,50.0,0.8,0.0,11.0,0.0,1332,10
333,Sundried Tomato & Broccoli Pasta,141537,vegetable,473.176,255.15,310,18,2.5,31.0,10.0,10.0,9.0,660,960.0,ROOTED,0.0,90.0,3.7,0.0,106.0,5.0,1333,10
334,Sweet Potato and Spinach Vindaloo,101976,grain,236.588,352.07,230,7,0.5,36.0,10.0,8.0,9.0,240,710.0,ROOTED,0.0,130.0,4.4,0.0,36.0,60.0,1334,10
335,Sweet Potato Korma with Coconut Milk,123726,grain,236.588,304.15,360,25,12.0,32.0,9.0,7.0,7.0,900,550.0,ROOTED,0.0,90.0,3.8,0.0,19.0,40.0,1335,10
336,Sweet Thai Chili Sauce,85896,0,29.5735,34.12,70,0,0.0,18.0,15.0,0.0,0.0,450,0.0,ROOTED,0.0,0.0,0.0,0.0,0.0,0.0,1336,10
337,Swiss Chard with White Beans,103474,vegetable,354.882,173.48,140,4.5,0.0,20.0,2.0,7.0,5.0,430,550.0,ROOTED,0.0,80.0,2.6,0.0,22.0,0.0,1337,10
338,Turmeric Roasted Root Vegetables,123296,vegetable,118.294,160.22,80,3.5,0.0,13.0,6.0,2.0,4.0,80,430.0,ROOTED,0.0,90.0,0.9,0.0,29.0,30.0,1338,10
339,Vegan Creamy Potato Salad,117594.1,vegetable,118.294,165.85,140,6,1.0,18.0,2.0,5.0,2.0,170,480.0,ROOTED,0.0,70.0,1.1,0.0,13.0,0.0,1339,10
340,White Vegan Chili,130431,vegetable,473.176,239.33,250,11,2.0,29.0,6.0,11.0,8.0,430,630.0,ROOTED,0.0,80.0,3.0,0.0,25.0,10.0,1340,10
